项目,城市分公司,服务站,房号,pride房屋编码,战图房屋编码,命中产品,水路标签,环境标签,家庭结构,主叫号码,号码关系,号码来源
东莞金域松湖,东莞城市分公司,东莞金域松湖服务站,东莞金域松湖10栋1002,CN4419000101710M1010L0032,4419004012014110000020110025,浴改淋,,墙面发霉,,13712929062,业主,center crm zze
东莞金域松湖,东莞城市分公司,东莞金域松湖服务站,东莞金域松湖10栋1304,CN4419000101710M1010I0044,4419004012014110000020113049,浴改淋,,墙面发霉,,13715130101,业主,center crm zze
东莞金域松湖,东莞城市分公司,东莞金域松湖服务站,东莞金域松湖10栋1501,CN4419000101710M101080023,4419004012014110000020115019,浴改淋,,,C_二孩之家,18122866393,业主,center crm zze
东莞金域松湖,东莞城市分公司,东莞金域松湖服务站,东莞金域松湖10栋2005,CN4419000101710M1010J0066,4419004012014110000020120053,浴改淋,,渗水/返潮,,13922991509,业主,crm
东莞金域松湖,东莞城市分公司,东莞金域松湖服务站,东莞金域松湖10栋202,CN4419000101710M101050019,4419004012014110000020102025,浴改淋,,,D_三口之家,13717127450,业主,center crm zze
东莞金域松湖,东莞城市分公司,东莞金域松湖服务站,东莞金域松湖10栋2303,CN4419000101710M1010C0025,4419004012014110000020123035,浴改淋,,,D_三口之家,15812826651,业主,center crm zze
东莞金域松湖,东莞城市分公司,东莞金域松湖服务站,东莞金域松湖10栋305,CN4419000101710M1010F0021,4419004012014110000020103051,浴改淋,,,C_二孩之家,13424315310,业主,crm
东莞金域松湖,东莞城市分公司,东莞金域松湖服务站,东莞金域松湖10栋905,CN4419000101710M101040021,4419004012014110000020109057,浴改淋,,渗水/返潮,,13809631511,业主,center crm zze
东莞金域松湖,东莞城市分公司,东莞金域松湖服务站,东莞金域松湖11栋1306,CN4419000101710X101020047,4419004012015010000010113069,浴改淋,,,C_二孩之家,18826892819,业主,center crm
东莞金域松湖,东莞城市分公司,东莞金域松湖服务站,东莞金域松湖11栋1605,CN4419000101710X101070028,4419004012015010000010116059,浴改淋,,,A_三代同堂,18676219350,业主,center crm
东莞金域松湖,东莞城市分公司,东莞金域松湖服务站,东莞金域松湖11栋1801,CN4419000101710X1010B0046,4419004012015010000010118013,浴改淋,,渗水/返潮,,18666436188,业主,center crm zze
东莞金域松湖,东莞城市分公司,东莞金域松湖服务站,东莞金域松湖11栋206,CN4419000101710X10101005X,4419004012015010000010102063,浴改淋,,渗水/返潮,,18664073089,业主,center crm zze
东莞金域松湖,东莞城市分公司,东莞金域松湖服务站,东莞金域松湖11栋2105,CN4419000101710X1010C0041,4419004012015010000010121051,浴改淋,,渗水/返潮,,13760232700,业主,center crm zze
东莞金域松湖,东莞城市分公司,东莞金域松湖服务站,东莞金域松湖11栋402,CN4419000101710X1010H0022,4419004012015010000010104027,浴改淋,,,D_三口之家,13650073099,业主,crm zze
东莞金域松湖,东莞城市分公司,东莞金域松湖服务站,东莞金域松湖11栋503,CN4419000101710X1010N0017,4419004012015010000010105037,浴改淋,,渗水/返潮,,13670277927,业主,center crm zze
东莞金域松湖,东莞城市分公司,东莞金域松湖服务站,东莞金域松湖11栋703,CN4419000101710X101060057,4419004012015010000010107033,浴改淋,,渗水/返潮,,15128280710,业主,center crm zze
东莞金域松湖,东莞城市分公司,东莞金域松湖服务站,东莞金域松湖11栋704,CN4419000101710X101060014,4419004012015010000010107041,浴改淋,,,C_二孩之家,15999831444,业主,crm zze
东莞金域松湖,东莞城市分公司,东莞金域松湖服务站,东莞金域松湖12栋2404,CN441900010171061010H0054,4419004012015010000020124043,浴改淋,,渗水/返潮,,13798757939,业主,center
东莞金域松湖,东莞城市分公司,东莞金域松湖服务站,东莞金域松湖13栋1504,CN4419000101710Y1010N0038,4419004012015010000030115049,浴改淋,,渗水/返潮,,13424889292,业主,crm zze
东莞金域松湖,东莞城市分公司,东莞金域松湖服务站,东莞金域松湖13栋1904,CN4419000101710Y1010J0052,4419004012015010000030119043,浴改淋,,,D_三口之家,13922500126,业主,crm
东莞金域松湖,东莞城市分公司,东莞金域松湖服务站,东莞金域松湖13栋2105,CN4419000101710Y101050013,4419004012015010000030121051,浴改淋,,,A_三代同堂,13922944018,业主,center crm
东莞金域松湖,东莞城市分公司,东莞金域松湖服务站,东莞金域松湖13栋2402,CN4419000101710Y101010054,4419004012015010000030124029,浴改淋,,,C_二孩之家,13113096679,业主,center crm zze
东莞金域松湖,东莞城市分公司,东莞金域松湖服务站,东莞金域松湖13栋2502,CN4419000101710Y1010G0013,4419004012015010000030125021,浴改淋,,,C_二孩之家,18824419768,业主,crm zze
东莞金域松湖,东莞城市分公司,东莞金域松湖服务站,东莞金域松湖13栋704,CN4419000101710Y1010H0035,4419004012015010000030107049,浴改淋,,,D_三口之家,13642959455,业主,crm
东莞金域松湖,东莞城市分公司,东莞金域松湖服务站,东莞金域松湖14栋1804,CN4419000101710G1010J0069,4419001132014060000010118041,浴改淋,,,C_二孩之家,13669804395,业主,center crm zze
东莞金域松湖,东莞城市分公司,东莞金域松湖服务站,东莞金域松湖14栋2002,CN4419000101710G1010C0044,4419001132014060000010120025,浴改淋,,渗水/返潮,,13480611581,业主,center crm zze
东莞金域松湖,东莞城市分公司,东莞金域松湖服务站,东莞金域松湖14栋204,CN4419000101710G101060068,4419001132014060000010102045,浴改淋,,渗水/返潮,,13922992667,业主,center crm zze
东莞金域松湖,东莞城市分公司,东莞金域松湖服务站,东莞金域松湖16栋1003,CN4419000101710H101030066,4419001132014070000040110035,浴改淋,,,D_三口之家,13729921207,业主,center crm
东莞金域松湖,东莞城市分公司,东莞金域松湖服务站,东莞金域松湖16栋1206,CN4419000101710H1010G0024,4419001132014070000040112065,浴改淋,,,D_三口之家,13751229351,业主,crm zze
东莞金域松湖,东莞城市分公司,东莞金域松湖服务站,东莞金域松湖16栋1803,CN4419000101710H1010K0026,4419001132014070000040118039,浴改淋,,渗水/返潮,,15989372053,业主,crm
东莞金域松湖,东莞城市分公司,东莞金域松湖服务站,东莞金域松湖17栋1803,CN441900010171111010O0016,4419004012013040000150118037,浴改淋,,瓷砖开裂空鼓,,13026846151,业主,crm zze
东莞金域松湖,东莞城市分公司,东莞金域松湖服务站,东莞金域松湖17栋1905,CN441900010171111010B0066,4419004012013040000150119055,浴改淋,,渗水/返潮,,13902605815,业主,center
东莞金域松湖,东莞城市分公司,东莞金域松湖服务站,东莞金域松湖17栋2404,CN441900010171111010E0038,4419004012013040000150124047,浴改淋,,,D_三口之家,13537390368,业主,center crm zze
东莞金域松湖,东莞城市分公司,东莞金域松湖服务站,东莞金域松湖18栋1103,CN4419000101710D101010016,4419004012013040000100111033,浴改淋,,,D_三口之家,13547533220,业主,center crm zze
东莞金域松湖,东莞城市分公司,东莞金域松湖服务站,东莞金域松湖18栋1105,CN4419000101710D101010067,4419004012013040000100111059,浴改淋,,,D_三口之家,13547533220,业主,center
东莞金域松湖,东莞城市分公司,东莞金域松湖服务站,东莞金域松湖18栋1206,CN4419000101710D1010E005X,4419004012013040000100112069,浴改淋,,渗水/返潮,,13071330011,业主,crm zze
东莞金域松湖,东莞城市分公司,东莞金域松湖服务站,东莞金域松湖18栋1803,CN4419000101710D1010M0037,4419004012013040000100118031,浴改淋,,渗水/返潮,,13580850880,业主,center crm zze
东莞金域松湖,东莞城市分公司,东莞金域松湖服务站,东莞金域松湖19栋2302,CN4419000101710Z1010F0012,4419004012013060000130123025,浴改淋,,渗水/返潮,,13580987272,业主,crm zze
东莞金域松湖,东莞城市分公司,东莞金域松湖服务站,东莞金域松湖19栋508,CN4419000101710Z101050050,4419004012013060000130105085,浴改淋,,渗水/返潮,,13922913221,业主,crm zze
东莞金域松湖,东莞城市分公司,东莞金域松湖服务站,东莞金域松湖1栋602,CN4419000101710J101030081,4419004012012090000080106027,浴改淋,,,D_三口之家,13423185363,业主,center crm zze
东莞金域松湖,东莞城市分公司,东莞金域松湖服务站,东莞金域松湖20栋408,CN44190001017110101020062,4419004012013060000140104083,浴改淋,,渗水/返潮,,18938226030,业主,center crm zze
东莞金域松湖,东莞城市分公司,东莞金域松湖服务站,东莞金域松湖20栋508,CN441900010171101010G0085,4419004012013060000140105085,浴改淋,,渗水/返潮,,13416937258,业主,center crm zze
东莞金域松湖,东莞城市分公司,东莞金域松湖服务站,东莞金域松湖20栋703,CN44190001017110101030033,4419004012013060000140107031,浴改淋,,渗水/返潮,,13760364476,业主,center crm zze
东莞金域松湖,东莞城市分公司,东莞金域松湖服务站,东莞金域松湖21栋1202,CN4419000101710W1010G0065,4419004012013110000010112025,浴改淋,,渗水/返潮,,13825209491,业主,crm zze
东莞金域松湖,东莞城市分公司,东莞金域松湖服务站,东莞金域松湖21栋1707,CN4419000101710W101070058,4419004012013110000010117071,浴改淋,,,D_三口之家,13922535129,业主,crm zze
东莞金域松湖,东莞城市分公司,东莞金域松湖服务站,东莞金域松湖21栋1801,CN4419000101710W1010F0043,4419004012013110000010118017,浴改淋,,瓷砖开裂空鼓,,13580308150,业主,center crm
东莞金域松湖,东莞城市分公司,东莞金域松湖服务站,东莞金域松湖21栋1804,CN4419000101710W1010F0027,4419004012013110000010118041,浴改淋,,,D_三口之家,13751229351,业主,crm zze
东莞金域松湖,东莞城市分公司,东莞金域松湖服务站,东莞金域松湖21栋1808,CN4419000101710W1010F006X,4419004012013110000010118083,浴改淋,,,D_三口之家,13751229351,业主,crm zze
东莞金域松湖,东莞城市分公司,东莞金域松湖服务站,东莞金域松湖21栋2304,CN4419000101710W1010A0046,4419004012013110000010123049,浴改淋,,渗水/返潮,,13827283356,业主,center
东莞金域松湖,东莞城市分公司,东莞金域松湖服务站,东莞金域松湖21栋303,CN4419000101710W1010C0055,4419004012013110000010103031,浴改淋,,,C_二孩之家,18938584521,业主,crm zze
东莞金域松湖,东莞城市分公司,东莞金域松湖服务站,东莞金域松湖22栋1108,CN4419000101710B1010L0040,4419004012013110000020111087,浴改淋,,渗水/返潮,,13556772394,业主,crm zze
东莞金域松湖,东莞城市分公司,东莞金域松湖服务站,东莞金域松湖23栋113,CN441900010171011010100E8,4419001132014070000050101133,浴改淋,,渗水/返潮,,13128010242,业主,center crm zze
东莞金域松湖,东莞城市分公司,东莞金域松湖服务站,东莞金域松湖25栋0001,CN441900010171031010100G3,44190040120130900000301B1015,浴改淋,,渗水/返潮,,13724135555,业主,crm
东莞金域松湖,东莞城市分公司,东莞金域松湖服务站,东莞金域松湖26栋111,CN4419000101710L101020034,4419004012012090000030101111,浴改淋,,渗水/返潮,,13902696444,业主,center crm
东莞金域松湖,东莞城市分公司,东莞金域松湖服务站,东莞金域松湖29栋1301,CN4419000101710E101080051,4419001132014070000060113015,浴改淋,,渗水/返潮,,13827280880,业主,crm zze
东莞金域松湖,东莞城市分公司,东莞金域松湖服务站,东莞金域松湖29栋1901,CN4419000101710E1010L0060,4419001132014070000060119013,浴改淋,,,D_三口之家,15818742171,业主,center crm zze
东莞金域松湖,东莞城市分公司,东莞金域松湖服务站,东莞金域松湖29栋2406,CN4419000101710E1010G0020,4419001132014070000060124063,浴改淋,,渗水/返潮,,13631701523,业主,center crm zze
东莞金域松湖,东莞城市分公司,东莞金域松湖服务站,东莞金域松湖29栋506,CN4419000101710E101060018,4419001132014070000060105065,浴改淋,,渗水/返潮,,13650010702,业主,center
东莞金域松湖,东莞城市分公司,东莞金域松湖服务站,东莞金域松湖31栋1001,CN4419000101710A1010E0064,4419004012015050000010110011,浴改淋,,,D_三口之家,18664393373,业主,center zze
东莞金域松湖,东莞城市分公司,东莞金域松湖服务站,东莞金域松湖31栋1002,CN4419000101710A1010E003X,4419004012015050000010110029,浴改淋,,,D_三口之家,13922820233,业主,center crm zze
东莞金域松湖,东莞城市分公司,东莞金域松湖服务站,东莞金域松湖31栋1305,CN4419000101710A101010012,4419004012015050000010113051,浴改淋,,,D_三口之家,15220132002,业主,center crm zze
东莞金域松湖,东莞城市分公司,东莞金域松湖服务站,东莞金域松湖32栋1301,CN44190001017109101010034,4419004012015050000020113017,浴改淋,,渗水/返潮,,18370993609,业主,center zze
东莞金域松湖,东莞城市分公司,东莞金域松湖服务站,东莞金域松湖33栋1805,CN4419000101710Q1010K0035,4419004012015050000030118055,浴改淋,,,D_三口之家,18198822283,业主,center crm zze
东莞金域松湖,东莞城市分公司,东莞金域松湖服务站,东莞金域松湖34栋1606,CN4419000101710N1010B0067,4419004012015050000040116061,浴改淋,,,D_三口之家,13688323690,业主,center crm zze
东莞金域松湖,东莞城市分公司,东莞金域松湖服务站,东莞金域松湖37栋101,CN441900010171021010100D4,4419004012015050000050101013,浴改淋,,,D_三口之家,13929239562,业主,crm
东莞金域松湖,东莞城市分公司,东莞金域松湖服务站,东莞金域松湖37栋137,CN441900010171021010100J3,4419004012015050000050101371,浴改淋,,,D_三口之家,13612670191,业主,crm zze
东莞金域松湖,东莞城市分公司,东莞金域松湖服务站,东莞金域松湖3栋2502,CN4419000101710R1010P0053,4419004012012090000060125021,浴改淋,,渗水/返潮,,13802249302,业主,center crm zze
东莞金域松湖,东莞城市分公司,东莞金域松湖服务站,东莞金域松湖4栋1902,CN441900010171051010D0023,4419004012012090000050119029,浴改淋,,,D_三口之家,13713366119,业主,crm zze
东莞金域松湖,东莞城市分公司,东莞金域松湖服务站,东莞金域松湖4栋303,CN44190001017105101080018,4419004012012090000050103039,浴改淋,,渗水/返潮,,13809610048,业主,center crm zze
东莞金域松湖,东莞城市分公司,东莞金域松湖服务站,东莞金域松湖4栋503,CN441900010171051010E0010,4419004012012090000050105035,浴改淋,,,D_三口之家,13168911793,业主,center crm zze
东莞金域松湖,东莞城市分公司,东莞金域松湖服务站,东莞金域松湖4栋507,CN441900010171051010E0053,4419004012012090000050105077,浴改淋,,,D_三口之家,13168911793,业主,center crm zze
东莞金域松湖,东莞城市分公司,东莞金域松湖服务站,东莞金域松湖5栋1004,CN4419000101710V1010C0018,4419004012012090000040110045,浴改淋,,渗水/返潮,,13790247803,业主,crm
东莞金域松湖,东莞城市分公司,东莞金域松湖服务站,东莞金域松湖5栋1205,CN4419000101710V1010H0074,4419004012012090000040112059,浴改淋,,,D_三口之家,13823232489,业主,center crm zze
东莞金域松湖,东莞城市分公司,东莞金域松湖服务站,东莞金域松湖5栋2202,CN4419000101710V10103006X,4419004012012090000040122029,浴改淋,,,D_三口之家,18825143845,业主,center crm zze
东莞金域松湖,东莞城市分公司,东莞金域松湖服务站,东莞金域松湖6栋1702,CN4419000101710C101040050,4419004012013060000090117023,浴改淋,,,C_二孩之家,15016853557,业主,center crm
东莞金域松湖,东莞城市分公司,东莞金域松湖服务站,东莞金域松湖7栋1706,CN4419000101710U1010M0085,4419004012013090000010117069,浴改淋,,渗水/返潮,,13215390777,业主,crm
东莞金域松湖,东莞城市分公司,东莞金域松湖服务站,东莞金域松湖7栋203,CN4419000101710U101090041,4419004012013090000010102039,浴改淋,,渗水/返潮,,13509016269,业主,center crm zze
东莞金域松湖,东莞城市分公司,东莞金域松湖服务站,东莞金域松湖7栋2304,CN4419000101710U1010A0047,4419004012013090000010123049,浴改淋,,渗水/返潮,,13688966285,业主,crm zze
东莞金域松湖,东莞城市分公司,东莞金域松湖服务站,东莞金域松湖7栋506,CN4419000101710U101030030,4419004012013090000010105061,浴改淋,,渗水/返潮,,15019998596,业主,crm
东莞金域松湖,东莞城市分公司,东莞金域松湖服务站,东莞金域松湖8栋1305,CN4419000101710O1010D0054,4419004012013090000020113053,浴改淋,,,D_三口之家,18665121709,业主,crm zze
东莞金域松湖,东莞城市分公司,东莞金域松湖服务站,东莞金域松湖8栋1605,CN4419000101710O101080073,4419004012013090000020116051,浴改淋,,渗水/返潮,,13929498549,业主,center crm zze
东莞金域松湖,东莞城市分公司,东莞金域松湖服务站,东莞金域松湖8栋2102,CN4419000101710O101050018,4419004012013090000020121029,浴改淋,,,D_三口之家,13712092656,业主,center crm zze
东莞金域松湖,东莞城市分公司,东莞金域松湖服务站,东莞金域松湖8栋2301,CN4419000101710O1010B007X,4419004012013090000020123017,浴改淋,,渗水/返潮,,18577399271,业主,center crm zze
东莞金域松湖,东莞城市分公司,东莞金域松湖服务站,东莞金域松湖8栋506,CN4419000101710O10103005X,4419004012013090000020105069,浴改淋,,渗水/返潮,,13925569396,业主,center crm zze
东莞金域松湖,东莞城市分公司,东莞金域松湖服务站,东莞金域松湖9栋1305,CN44190001017104101020037,4419004012014110000010113055,浴改淋,,,D_三口之家,15999758276,业主,center zze
东莞金域松湖,东莞城市分公司,东莞金域松湖服务站,东莞金域松湖9栋1503,CN441900010171041010M0052,4419004012014110000010115035,浴改淋,,,D_三口之家,15382889688,业主,center crm zze
东莞金域松湖,东莞城市分公司,东莞金域松湖服务站,东莞金域松湖9栋206,CN44190001017104101010058,4419004012014110000010102063,浴改淋,,,D_三口之家,13686694641,业主,center crm zze
东莞金域松湖,东莞城市分公司,东莞金域松湖服务站,东莞金域松湖9栋506,CN441900010171041010G0041,4419004012014110000010105063,浴改淋,,渗水/返潮,,13544841930,业主,crm
东莞金域松湖,东莞城市分公司,东莞金域松湖服务站,东莞金域松湖10栋1005,CN4419000101710M1010L0067,4419004012014110000020110059,渗漏,厨房漏水,,,13751359783,业主,center crm zze
东莞金域松湖,东莞城市分公司,东莞金域松湖服务站,东莞金域松湖10栋1105,CN4419000101710M1010D0039,4419004012014110000020111051,渗漏,厨房漏水,,,13502818952,业主,center crm zze
东莞金域松湖,东莞城市分公司,东莞金域松湖服务站,东莞金域松湖10栋1203,CN4419000101710M101060057,4419004012014110000020112037,渗漏,厨房漏水,,,13925739516,业主,crm
东莞金域松湖,东莞城市分公司,东莞金域松湖服务站,东莞金域松湖10栋1505,CN4419000101710M101080058,4419004012014110000020115051,渗漏,"厨房漏水,卫生间漏水",,,13689512933,业主,center crm zze
东莞金域松湖,东莞城市分公司,东莞金域松湖服务站,东莞金域松湖10栋1605,CN4419000101710M101070060,4419004012014110000020116055,渗漏,厨房漏水,,,18126533160,业主,center crm zze
东莞金域松湖,东莞城市分公司,东莞金域松湖服务站,东莞金域松湖10栋1806,CN4419000101710M101020055,4419004012014110000020118061,渗漏,厨房漏水,,,13925818360,业主,center
东莞金域松湖,东莞城市分公司,东莞金域松湖服务站,东莞金域松湖10栋1906,CN4419000101710M1010K0045,4419004012014110000020119063,渗漏,卫生间漏水,,,13829252490,业主,center
东莞金域松湖,东莞城市分公司,东莞金域松湖服务站,东莞金域松湖10栋204,CN4419000101710M101050051,4419004012014110000020102041,渗漏,阳台漏水,,,13059403610,业主,crm
东莞金域松湖,东莞城市分公司,东莞金域松湖服务站,东莞金域松湖10栋206,CN4419000101710M101050043,4419004012014110000020102067,渗漏,厨房漏水,,,18002587999,业主,center crm
东莞金域松湖,东莞城市分公司,东莞金域松湖服务站,东莞金域松湖10栋2306,CN4419000101710M1010C0033,4419004012014110000020123069,渗漏,卫生间漏水,,,13392722089,业主,center crm zze
东莞金域松湖,东莞城市分公司,东莞金域松湖服务站,东莞金域松湖10栋2405,CN4419000101710M1010M0038,4419004012014110000020124055,渗漏,卫生间漏水,,,15900116892,业主,center crm zze
东莞金域松湖,东莞城市分公司,东莞金域松湖服务站,东莞金域松湖10栋2502,CN4419000101710M1010H0022,4419004012014110000020125023,渗漏,"卫生间漏水,厨房漏水",,,13553896688,业主,crm zze
东莞金域松湖,东莞城市分公司,东莞金域松湖服务站,东莞金域松湖10栋2503,CN4419000101710M1010H0014,4419004012014110000020125031,渗漏,厨房漏水,,,13922933102,业主,center crm zze
东莞金域松湖,东莞城市分公司,东莞金域松湖服务站,东莞金域松湖10栋2504,CN4419000101710M1010H0065,4419004012014110000020125049,渗漏,卫生间漏水,,,15697390866,业主,center crm zze
东莞金域松湖,东莞城市分公司,东莞金域松湖服务站,东莞金域松湖10栋303,CN4419000101710M1010F0048,4419004012014110000020103035,渗漏,厨房漏水,,,13603032134,业主,center crm
东莞金域松湖,东莞城市分公司,东莞金域松湖服务站,东莞金域松湖10栋401,CN4419000101710M1010O0039,4419004012014110000020104011,渗漏,阳台漏水,,,13929240881,业主,center crm zze
东莞金域松湖,东莞城市分公司,东莞金域松湖服务站,东莞金域松湖10栋405,CN4419000101710M1010O0063,4419004012014110000020104053,渗漏,厨房漏水,,,15625538017,业主,center crm zze
东莞金域松湖,东莞城市分公司,东莞金域松湖服务站,东莞金域松湖11栋1003,CN4419000101710X101080023,4419004012015010000010110037,渗漏,厨房漏水,,,13553813429,业主,center crm zze
东莞金域松湖,东莞城市分公司,东莞金域松湖服务站,东莞金域松湖11栋1006,CN4419000101710X101080066,4419004012015010000010110061,渗漏,厨房漏水,,,18098268968,业主,center crm zze
东莞金域松湖,东莞城市分公司,东莞金域松湖服务站,东莞金域松湖11栋1103,CN4419000101710X1010E0018,4419004012015010000010111039,渗漏,厨房漏水,,,13510114041,业主,center crm zze
东莞金域松湖,东莞城市分公司,东莞金域松湖服务站,东莞金域松湖11栋1204,CN4419000101710X101030050,4419004012015010000010112041,渗漏,厨房漏水,,,13609699032,业主,center zze
东莞金域松湖,东莞城市分公司,东莞金域松湖服务站,东莞金域松湖11栋1303,CN4419000101710X101020055,4419004012015010000010113035,渗漏,厨房漏水,,,13790289054,业主,crm
东莞金域松湖,东莞城市分公司,东莞金域松湖服务站,东莞金域松湖11栋1406,CN4419000101710X1010F0013,4419004012015010000010114061,渗漏,卫生间漏水,,,13510535056,业主,crm
东莞金域松湖,东莞城市分公司,东莞金域松湖服务站,东莞金域松湖11栋1502,CN4419000101710X1010I0036,4419004012015010000010115023,渗漏,阳台漏水,,,15992716847,业主,crm
东莞金域松湖,东莞城市分公司,东莞金域松湖服务站,东莞金域松湖11栋1604,CN4419000101710X101070044,4419004012015010000010116041,渗漏,卫生间漏水,,,15019400529,业主,center crm
东莞金域松湖,东莞城市分公司,东莞金域松湖服务站,东莞金域松湖11栋1606,CN4419000101710X101070060,4419004012015010000010116067,渗漏,卫生间漏水,,,18688613005,业主,center crm zze
东莞金域松湖,东莞城市分公司,东莞金域松湖服务站,东莞金域松湖11栋1704,CN4419000101710X10104003X,4419004012015010000010117043,渗漏,厨房漏水,,,18666883305,业主,center crm zze
东莞金域松湖,东莞城市分公司,东莞金域松湖服务站,东莞金域松湖11栋1803,CN4419000101710X1010B002X,4419004012015010000010118039,渗漏,厨房漏水,,,13922992704,业主,center crm zze
东莞金域松湖,东莞城市分公司,东莞金域松湖服务站,东莞金域松湖11栋1903,CN4419000101710X1010O0020,4419004012015010000010119031,渗漏,卫生间漏水,,,18688719289,业主,center crm zze
东莞金域松湖,东莞城市分公司,东莞金域松湖服务站,东莞金域松湖11栋204,CN4419000101710X101010025,4419004012015010000010102047,渗漏,阳台漏水,,,13712261261,业主,center crm zze
东莞金域松湖,东莞城市分公司,东莞金域松湖服务站,东莞金域松湖11栋2203,CN4419000101710X1010A0032,4419004012015010000010122037,渗漏,厨房漏水,,,18603062163,业主,center crm zze
东莞金域松湖,东莞城市分公司,东莞金域松湖服务站,东莞金域松湖11栋2402,CN4419000101710X1010D0020,4419004012015010000010124025,渗漏,阳台漏水,,,13532327275,业主,crm zze
东莞金域松湖,东莞城市分公司,东莞金域松湖服务站,东莞金域松湖11栋2503,CN4419000101710X101090061,4419004012015010000010125035,渗漏,厨房漏水,,,13760440255,业主,center crm zze
东莞金域松湖,东莞城市分公司,东莞金域松湖服务站,东莞金域松湖11栋2506,CN4419000101710X101090010,4419004012015010000010125069,渗漏,厨房漏水,,,13676886208,家属,crm zze
东莞金域松湖,东莞城市分公司,东莞金域松湖服务站,东莞金域松湖11栋804,CN4419000101710X1010G0019,4419004012015010000010108043,渗漏,阳台漏水,,,13662929308,业主,center crm zze
东莞金域松湖,东莞城市分公司,东莞金域松湖服务站,东莞金域松湖12栋1403,CN441900010171061010L0021,4419004012015010000020114031,渗漏,阳台漏水,,,13037575360,业主,crm
东莞金域松湖,东莞城市分公司,东莞金域松湖服务站,东莞金域松湖12栋1901,CN441900010171061010K0042,4419004012015010000020119011,渗漏,厨房漏水,,,18665898240,业主,center crm zze
东莞金域松湖,东莞城市分公司,东莞金域松湖服务站,东莞金域松湖12栋1904,CN441900010171061010K0034,4419004012015010000020119045,渗漏,厨房漏水,,,18938534460,业主,center crm zze
东莞金域松湖,东莞城市分公司,东莞金域松湖服务站,东莞金域松湖12栋2004,CN441900010171061010G0059,4419004012015010000020120043,渗漏,厨房漏水,,,13829109505,业主,center crm zze
东莞金域松湖,东莞城市分公司,东莞金域松湖服务站,东莞金域松湖12栋203,CN441900010171061010D0036,4419004012015010000020102037,渗漏,厨房漏水,,,18617229526,业主,center crm zze
东莞金域松湖,东莞城市分公司,东莞金域松湖服务站,东莞金域松湖12栋206,CN441900010171061010D0052,4419004012015010000020102061,渗漏,卫生间漏水,,,13427812662,业主,zze
东莞金域松湖,东莞城市分公司,东莞金域松湖服务站,东莞金域松湖12栋2204,CN44190001017106101010065,4419004012015010000020122049,渗漏,阳台漏水,,,13650106641,业主,center crm zze
东莞金域松湖,东莞城市分公司,东莞金域松湖服务站,东莞金域松湖12栋2206,CN44190001017106101010049,4419004012015010000020122065,渗漏,厨房漏水,,,13723422182,业主,crm
东莞金域松湖,东莞城市分公司,东莞金域松湖服务站,东莞金域松湖12栋2301,CN441900010171061010O0044,4419004012015010000020123017,渗漏,厨房漏水,,,15118224977,业主,center crm zze
东莞金域松湖,东莞城市分公司,东莞金域松湖服务站,东莞金域松湖12栋2302,CN441900010171061010O0052,4419004012015010000020123025,渗漏,厨房漏水,,,13652467406,业主,center crm zze
东莞金域松湖,东莞城市分公司,东莞金域松湖服务站,东莞金域松湖12栋2306,CN441900010171061010O001X,4419004012015010000020123067,渗漏,厨房漏水,,,18566182915,业主,center crm zze
东莞金域松湖,东莞城市分公司,东莞金域松湖服务站,东莞金域松湖12栋304,CN44190001017106101020036,4419004012015010000020103047,渗漏,厨房漏水,,,18218870744,业主,crm
东莞金域松湖,东莞城市分公司,东莞金域松湖服务站,东莞金域松湖12栋305,CN4419000101710610102001X,4419004012015010000020103055,渗漏,阳台漏水,,,18929185027,业主,center crm zze
东莞金域松湖,东莞城市分公司,东莞金域松湖服务站,东莞金域松湖12栋405,CN441900010171061010J0047,4419004012015010000020104059,渗漏,"厨房漏水,阳台漏水",,,15814035080,业主,center crm
东莞金域松湖,东莞城市分公司,东莞金域松湖服务站,东莞金域松湖12栋501,CN441900010171061010M0043,4419004012015010000020105019,渗漏,阳台漏水,,,18929257677,业主,center crm zze
东莞金域松湖,东莞城市分公司,东莞金域松湖服务站,东莞金域松湖12栋505,CN441900010171061010M0019,4419004012015010000020105051,渗漏,厨房漏水,,,13580922645,业主,center
东莞金域松湖,东莞城市分公司,东莞金域松湖服务站,东莞金域松湖12栋601,CN441900010171061010F0029,4419004012015010000020106011,渗漏,"阳台漏水,厨房漏水",,,13609625795,业主,center crm zze
东莞金域松湖,东莞城市分公司,东莞金域松湖服务站,东莞金域松湖12栋804,CN441900010171061010A0056,4419004012015010000020108041,渗漏,阳台漏水,,,13828701618,业主,crm zze
东莞金域松湖,东莞城市分公司,东莞金域松湖服务站,东莞金域松湖12栋805,CN441900010171061010A0064,4419004012015010000020108059,渗漏,阳台漏水,,,13602363060,业主,center
东莞金域松湖,东莞城市分公司,东莞金域松湖服务站,东莞金域松湖12栋806,CN441900010171061010A0048,4419004012015010000020108067,渗漏,厨房漏水,,,13971496731,业主,center crm zze
东莞金域松湖,东莞城市分公司,东莞金域松湖服务站,东莞金域松湖13栋1005,CN4419000101710Y1010D0033,4419004012015010000030110053,渗漏,厨房漏水,,,13480432456,业主,center crm zze
东莞金域松湖,东莞城市分公司,东莞金域松湖服务站,东莞金域松湖13栋1101,CN4419000101710Y101020041,4419004012015010000030111015,渗漏,厨房漏水,,,18215570903,业主,crm zze
东莞金域松湖,东莞城市分公司,东莞金域松湖服务站,东莞金域松湖13栋1103,CN4419000101710Y10102005X,4419004012015010000030111031,渗漏,厨房漏水,,,15889501737,业主,crm
东莞金域松湖,东莞城市分公司,东莞金域松湖服务站,东莞金域松湖13栋1104,CN4419000101710Y101020017,4419004012015010000030111049,渗漏,厨房漏水,,,13670225939,业主,crm
东莞金域松湖,东莞城市分公司,东莞金域松湖服务站,东莞金域松湖13栋1105,CN4419000101710Y101020068,4419004012015010000030111057,渗漏,厨房漏水,,,13546929213,业主,center crm zze
东莞金域松湖,东莞城市分公司,东莞金域松湖服务站,东莞金域松湖13栋1106,CN4419000101710Y101020033,4419004012015010000030111065,渗漏,卫生间漏水,,,13827289410,业主,center crm zze
东莞金域松湖,东莞城市分公司,东莞金域松湖服务站,东莞金域松湖13栋1402,CN4419000101710Y1010A0053,4419004012015010000030114021,渗漏,厨房漏水,,,13650379893,业主,crm zze
东莞金域松湖,东莞城市分公司,东莞金域松湖服务站,东莞金域松湖13栋1503,CN4419000101710Y1010N0046,4419004012015010000030115031,渗漏,厨房漏水,,,15565064539,业主,center
东莞金域松湖,东莞城市分公司,东莞金域松湖服务站,东莞金域松湖13栋1506,CN4419000101710Y1010N0062,4419004012015010000030115065,渗漏,厨房漏水,,,13528683672,业主,center
东莞金域松湖,东莞城市分公司,东莞金域松湖服务站,东莞金域松湖13栋1603,CN4419000101710Y1010F0069,4419004012015010000030116037,渗漏,厨房漏水,,,13600266539,业主,center crm zze
东莞金域松湖,东莞城市分公司,东莞金域松湖服务站,东莞金域松湖13栋1604,CN4419000101710Y1010F0050,4419004012015010000030116045,渗漏,厨房漏水,,,15362688271,业主,crm zze
东莞金域松湖,东莞城市分公司,东莞金域松湖服务站,东莞金域松湖13栋1801,CN4419000101710Y1010K0023,4419004012015010000030118017,渗漏,阳台漏水,,,15986779645,业主,center crm
东莞金域松湖,东莞城市分公司,东莞金域松湖服务站,东莞金域松湖13栋1902,CN4419000101710Y1010J0044,4419004012015010000030119027,渗漏,厨房漏水,,,15913723996,业主,crm zze
东莞金域松湖,东莞城市分公司,东莞金域松湖服务站,东莞金域松湖13栋202,CN4419000101710Y1010L0010,4419004012015010000030102029,渗漏,阳台漏水,,,18627075532,业主,crm
东莞金域松湖,东莞城市分公司,东莞金域松湖服务站,东莞金域松湖13栋2102,CN4419000101710Y101050056,4419004012015010000030121027,渗漏,阳台漏水,,,18818520468,业主,center crm zze
东莞金域松湖,东莞城市分公司,东莞金域松湖服务站,东莞金域松湖13栋2104,CN4419000101710Y101050064,4419004012015010000030121043,渗漏,厨房漏水,,,13790413908,业主,crm zze
东莞金域松湖,东莞城市分公司,东莞金域松湖服务站,东莞金域松湖13栋2106,CN4419000101710Y101050021,4419004012015010000030121069,渗漏,厨房漏水,,,15328670941,业主,crm
东莞金域松湖,东莞城市分公司,东莞金域松湖服务站,东莞金域松湖13栋2204,CN4419000101710Y101040050,4419004012015010000030122047,渗漏,厨房漏水,,,13925828727,业主,center crm zze
东莞金域松湖,东莞城市分公司,东莞金域松湖服务站,东莞金域松湖13栋2206,CN4419000101710Y101040042,4419004012015010000030122063,渗漏,阳台漏水,,,13545073907,业主,center crm zze
东莞金域松湖,东莞城市分公司,东莞金域松湖服务站,东莞金域松湖13栋2403,CN4419000101710Y10101002X,4419004012015010000030124037,渗漏,"阳台漏水,厨房漏水",,,13760278886,业主,center crm zze
东莞金域松湖,东莞城市分公司,东莞金域松湖服务站,东莞金域松湖13栋304,CN4419000101710Y101070057,4419004012015010000030103049,渗漏,厨房漏水,,,13316696866,业主,crm zze
东莞金域松湖,东莞城市分公司,东莞金域松湖服务站,东莞金域松湖13栋306,CN4419000101710Y101070065,4419004012015010000030103065,渗漏,"阳台漏水,厨房漏水",,,15889694933,业主,center crm zze
东莞金域松湖,东莞城市分公司,东莞金域松湖服务站,东莞金域松湖13栋501,CN4419000101710Y101060051,4419004012015010000030105019,渗漏,厨房漏水,,,13600288733,业主,crm zze
东莞金域松湖,东莞城市分公司,东莞金域松湖服务站,东莞金域松湖13栋503,CN4419000101710Y101060019,4419004012015010000030105035,渗漏,厨房漏水,,,18929181653,业主,center crm
东莞金域松湖,东莞城市分公司,东莞金域松湖服务站,东莞金域松湖13栋602,CN4419000101710Y1010I0030,4419004012015010000030106021,渗漏,卫生间漏水,,,13632706688,业主,crm
东莞金域松湖,东莞城市分公司,东莞金域松湖服务站,东莞金域松湖13栋606,CN4419000101710Y1010I0022,4419004012015010000030106063,渗漏,厨房漏水,,,18928890857,业主,center crm zze
东莞金域松湖,东莞城市分公司,东莞金域松湖服务站,东莞金域松湖13栋706,CN4419000101710Y1010H006X,4419004012015010000030107065,渗漏,厨房漏水,,,13798824695,业主,center crm zze
东莞金域松湖,东莞城市分公司,东莞金域松湖服务站,东莞金域松湖13栋902,CN4419000101710Y1010E0047,4419004012015010000030109021,渗漏,卫生间漏水,,,18688810253,业主,zze
东莞金域松湖,东莞城市分公司,东莞金域松湖服务站,东莞金域松湖13栋905,CN4419000101710Y1010E0012,4419004012015010000030109055,渗漏,厨房漏水,,,13790338828,业主,center crm zze
东莞金域松湖,东莞城市分公司,东莞金域松湖服务站,东莞金域松湖14栋1101,CN4419000101710G1010H0041,4419001132014060000010111015,渗漏,厨房漏水,,,13926546346,业主,center crm zze
东莞金域松湖,东莞城市分公司,东莞金域松湖服务站,东莞金域松湖14栋1205,CN4419000101710G101070047,4419001132014060000010112059,渗漏,厨房漏水,,,13632666821,业主,center crm zze
东莞金域松湖,东莞城市分公司,东莞金域松湖服务站,东莞金域松湖14栋1506,CN4419000101710G1010I0047,4419001132014060000010115065,渗漏,厨房漏水,,,18682125321,业主,crm
东莞金域松湖,东莞城市分公司,东莞金域松湖服务站,东莞金域松湖14栋1901,CN4419000101710G1010E0037,4419001132014060000010119019,渗漏,卫生间漏水,,,13620073708,业主,center crm zze
东莞金域松湖,东莞城市分公司,东莞金域松湖服务站,东莞金域松湖14栋1904,CN4419000101710G1010E0045,4419001132014060000010119043,渗漏,卫生间漏水,,,13316676706,业主,crm
东莞金域松湖,东莞城市分公司,东莞金域松湖服务站,东莞金域松湖14栋1905,CN4419000101710G1010E0029,4419001132014060000010119051,渗漏,厨房漏水,,,13925595075,业主,center
东莞金域松湖,东莞城市分公司,东莞金域松湖服务站,东莞金域松湖14栋201,CN4419000101710G101060017,4419001132014060000010102011,渗漏,厨房漏水,,,13728112223,业主,center crm zze
东莞金域松湖,东莞城市分公司,东莞金域松湖服务站,东莞金域松湖14栋2101,CN4419000101710G1010M0030,4419001132014060000010121019,渗漏,厨房漏水,,,13712713184,业主,center
东莞金域松湖,东莞城市分公司,东莞金域松湖服务站,东莞金域松湖14栋2206,CN4419000101710G1010K0056,4419001132014060000010122063,渗漏,厨房漏水,,,13826960767,业主,crm
东莞金域松湖,东莞城市分公司,东莞金域松湖服务站,东莞金域松湖14栋2403,CN4419000101710G1010F0040,4419001132014060000010124037,渗漏,阳台漏水,,,13537088894,业主,crm
东莞金域松湖,东莞城市分公司,东莞金域松湖服务站,东莞金域松湖14栋301,CN4419000101710G101080026,4419001132014060000010103015,渗漏,厨房漏水,,,18944730046,业主,center crm zze
东莞金域松湖,东莞城市分公司,东莞金域松湖服务站,东莞金域松湖14栋502,CN4419000101710G1010G0046,4419001132014060000010105027,渗漏,卫生间漏水,卫生间老化,,18988707988,业主,center crm
东莞金域松湖,东莞城市分公司,东莞金域松湖服务站,东莞金域松湖14栋705,CN4419000101710G101020066,4419001132014060000010107057,渗漏,厨房漏水,,,13528589051,业主,crm
东莞金域松湖,东莞城市分公司,东莞金域松湖服务站,东莞金域松湖14栋806,CN4419000101710G1010B0014,4419001132014060000010108061,渗漏,"阳台漏水,卫生间漏水",,,18010028772,业主,crm zze
东莞金域松湖,东莞城市分公司,东莞金域松湖服务站,东莞金域松湖14栋905,CN4419000101710G101050054,4419001132014060000010109055,渗漏,厨房漏水,,,13751220408,业主,center crm zze
东莞金域松湖,东莞城市分公司,东莞金域松湖服务站,东莞金域松湖14栋906,CN4419000101710G101050038,4419001132014060000010109063,渗漏,厨房漏水,,,15112433191,业主,center
东莞金域松湖,东莞城市分公司,东莞金域松湖服务站,东莞金域松湖15栋1005,CN4419000101710F101020037,4419001132014060000020110057,渗漏,厨房漏水,,,13631622060,业主,center
东莞金域松湖,东莞城市分公司,东莞金域松湖服务站,东莞金域松湖15栋1105,CN4419000101710F1010A0022,4419001132014060000020111053,渗漏,厨房漏水,,,13650302343,业主,center crm zze
东莞金域松湖,东莞城市分公司,东莞金域松湖服务站,东莞金域松湖15栋1301,CN4419000101710F101060020,4419001132014060000020113017,渗漏,阳台漏水,,,13829229248,业主,crm zze
东莞金域松湖,东莞城市分公司,东莞金域松湖服务站,东莞金域松湖15栋1705,CN4419000101710F1010C0015,4419001132014060000020117059,渗漏,"厨房漏水,阳台漏水",,,18682283365,业主,center crm zze
东莞金域松湖,东莞城市分公司,东莞金域松湖服务站,东莞金域松湖15栋1904,CN4419000101710F1010O0010,4419001132014060000020119047,渗漏,厨房漏水,,,13712850019,业主,center crm zze
东莞金域松湖,东莞城市分公司,东莞金域松湖服务站,东莞金域松湖15栋1905,CN4419000101710F1010O0053,4419001132014060000020119055,渗漏,厨房漏水,,,18938289398,业主,center crm zze
东莞金域松湖,东莞城市分公司,东莞金域松湖服务站,东莞金域松湖15栋201,CN4419000101710F101080013,4419001132014060000020102015,渗漏,厨房漏水,,,13006662534,业主,center crm zze
东莞金域松湖,东莞城市分公司,东莞金域松湖服务站,东莞金域松湖15栋202,CN4419000101710F101080056,4419001132014060000020102023,渗漏,"厨房漏水,卫生间漏水",,,13532428132,业主,center crm zze
东莞金域松湖,东莞城市分公司,东莞金域松湖服务站,东莞金域松湖15栋2101,CN4419000101710F101040011,4419001132014060000020121013,渗漏,厨房漏水,,,13556766116,业主,crm zze
东莞金域松湖,东莞城市分公司,东莞金域松湖服务站,东莞金域松湖15栋2203,CN4419000101710F1010E0024,4419001132014060000020122033,渗漏,厨房漏水,,,18566238919,业主,center crm zze
东莞金域松湖,东莞城市分公司,东莞金域松湖服务站,东莞金域松湖15栋2401,CN4419000101710F1010K0043,4419001132014060000020124011,渗漏,阳台漏水,,,13798586925,业主,center zze
东莞金域松湖,东莞城市分公司,东莞金域松湖服务站,东莞金域松湖15栋2404,CN4419000101710F1010K0027,4419001132014060000020124045,渗漏,厨房漏水,,,15817376282,业主,center crm
东莞金域松湖,东莞城市分公司,东莞金域松湖服务站,东莞金域松湖15栋302,CN4419000101710F101050017,4419001132014060000020103029,渗漏,厨房漏水,,,13712938214,业主,center crm zze
东莞金域松湖,东莞城市分公司,东莞金域松湖服务站,东莞金域松湖15栋502,CN4419000101710F1010F0011,4419001132014060000020105025,渗漏,卫生间漏水,,,13650328569,业主,center crm zze
东莞金域松湖,东莞城市分公司,东莞金域松湖服务站,东莞金域松湖15栋504,CN4419000101710F1010F0062,4419001132014060000020105041,渗漏,厨房漏水,,,13798828702,业主,center crm
东莞金域松湖,东莞城市分公司,东莞金域松湖服务站,东莞金域松湖15栋505,CN4419000101710F1010F0038,4419001132014060000020105059,渗漏,厨房漏水,,,15919418065,业主,center crm zze
东莞金域松湖,东莞城市分公司,东莞金域松湖服务站,东莞金域松湖15栋601,CN4419000101710F1010H0047,4419001132014060000020106019,渗漏,厨房漏水,,,13580981116,业主,crm
东莞金域松湖,东莞城市分公司,东莞金域松湖服务站,东莞金域松湖15栋702,CN4419000101710F1010B0036,4419001132014060000020107029,渗漏,厨房漏水,,,13712579688,业主,center crm zze
东莞金域松湖,东莞城市分公司,东莞金域松湖服务站,东莞金域松湖15栋703,CN4419000101710F1010B001X,4419001132014060000020107037,渗漏,厨房漏水,,,13266113944,业主,crm
东莞金域松湖,东莞城市分公司,东莞金域松湖服务站,东莞金域松湖15栋903,CN4419000101710F1010J003X,4419001132014060000020109033,渗漏,厨房漏水,,,13760658129,业主,center crm zze
东莞金域松湖,东莞城市分公司,东莞金域松湖服务站,东莞金域松湖16栋1106,CN4419000101710H101060011,4419001132014070000040111061,渗漏,厨房漏水,,,18680069746,业主,center crm zze
东莞金域松湖,东莞城市分公司,东莞金域松湖服务站,东莞金域松湖16栋1201,CN4419000101710H1010G0040,4419001132014070000040112015,渗漏,厨房漏水,,,13510914737,业主,center crm zze
东莞金域松湖,东莞城市分公司,东莞金域松湖服务站,东莞金域松湖16栋1302,CN4419000101710H101070068,4419001132014070000040113025,渗漏,厨房漏水,,,15099722847,业主,crm zze
东莞金域松湖,东莞城市分公司,东莞金域松湖服务站,东莞金域松湖16栋1605,CN4419000101710H1010D0028,4419001132014070000040116057,渗漏,厨房漏水,,,13922932826,业主,center crm zze
东莞金域松湖,东莞城市分公司,东莞金域松湖服务站,东莞金域松湖16栋1705,CN4419000101710H1010C0030,4419001132014070000040117053,渗漏,厨房漏水,,,13662792831,家属,crm zze
东莞金域松湖,东莞城市分公司,东莞金域松湖服务站,东莞金域松湖16栋1806,CN4419000101710H1010K0069,4419001132014070000040118063,渗漏,厨房漏水,,,15827159599,业主,center crm zze
东莞金域松湖,东莞城市分公司,东莞金域松湖服务站,东莞金域松湖16栋2405,CN4419000101710H1010I0041,4419001132014070000040124057,渗漏,厨房漏水,,,15814643203,业主,crm zze
东莞金域松湖,东莞城市分公司,东莞金域松湖服务站,东莞金域松湖16栋301,CN4419000101710H101020052,4419001132014070000040103011,渗漏,卫生间漏水,,,13006850909,业主,center crm zze
东莞金域松湖,东莞城市分公司,东莞金域松湖服务站,东莞金域松湖16栋404,CN4419000101710H1010F0053,4419001132014070000040104049,渗漏,厨房漏水,,,13925552795,业主,crm zze
东莞金域松湖,东莞城市分公司,东莞金域松湖服务站,东莞金域松湖16栋501,CN4419000101710H101080012,4419001132014070000040105017,渗漏,厨房漏水,,,18038079826,业主,crm
东莞金域松湖,东莞城市分公司,东莞金域松湖服务站,东莞金域松湖16栋603,CN4419000101710H101090034,4419001132014070000040106035,渗漏,厨房漏水,,,13711813808,业主,center crm
东莞金域松湖,东莞城市分公司,东莞金域松湖服务站,东莞金域松湖16栋606,CN4419000101710H101090018,4419001132014070000040106069,渗漏,厨房漏水,,,18825863406,业主,crm zze
东莞金域松湖,东莞城市分公司,东莞金域松湖服务站,东莞金域松湖16栋703,CN4419000101710H1010E0015,4419001132014070000040107039,渗漏,厨房漏水,,,13168715235,业主,center crm zze
东莞金域松湖,东莞城市分公司,东莞金域松湖服务站,东莞金域松湖17栋1203,CN441900010171111010I0056,4419004012013040000150112037,渗漏,厨房漏水,,,15014860266,业主,center crm zze
东莞金域松湖,东莞城市分公司,东莞金域松湖服务站,东莞金域松湖17栋1706,CN441900010171111010J006X,4419004012013040000150117065,渗漏,卫生间漏水,,,15626173071,业主,center crm zze
东莞金域松湖,东莞城市分公司,东莞金域松湖服务站,东莞金域松湖17栋1802,CN441900010171111010O0024,4419004012013040000150118029,渗漏,厨房漏水,,,13246930922,业主,center crm zze
东莞金域松湖,东莞城市分公司,东莞金域松湖服务站,东莞金域松湖17栋1805,CN441900010171111010O0040,4419004012013040000150118053,渗漏,厨房漏水,,,13026846151,业主,crm zze
东莞金域松湖,东莞城市分公司,东莞金域松湖服务站,东莞金域松湖17栋2006,CN441900010171111010N0010,4419004012013040000150120061,渗漏,卫生间漏水,,,13649818969,业主,center crm zze
东莞金域松湖,东莞城市分公司,东莞金域松湖服务站,东莞金域松湖17栋201,CN44190001017111101050039,4419004012013040000150102017,渗漏,厨房漏水,,,13412276171,业主,center zze
东莞金域松湖,东莞城市分公司,东莞金域松湖服务站,东莞金域松湖17栋2103,CN44190001017111101070021,4419004012013040000150121031,渗漏,厨房漏水,,,13418306693,业主,center crm
东莞金域松湖,东莞城市分公司,东莞金域松湖服务站,东莞金域松湖17栋2202,CN4419000101711110103002X,4419004012013040000150122025,渗漏,厨房漏水,,,18507556821,业主,center crm zze
东莞金域松湖,东莞城市分公司,东莞金域松湖服务站,东莞金域松湖17栋301,CN44190001017111101040041,4419004012013040000150103019,渗漏,厨房漏水,,,13554659751,业主,center
东莞金域松湖,东莞城市分公司,东莞金域松湖服务站,东莞金域松湖17栋502,CN44190001017111101080019,4419004012013040000150105023,渗漏,厨房漏水,,,13602385530,业主,center
东莞金域松湖,东莞城市分公司,东莞金域松湖服务站,东莞金域松湖17栋602,CN441900010171111010G0047,4419004012013040000150106025,渗漏,厨房漏水,,,13922990836,业主,center crm zze
东莞金域松湖,东莞城市分公司,东莞金域松湖服务站,东莞金域松湖17栋603,CN441900010171111010G0012,4419004012013040000150106033,渗漏,厨房漏水,,,13922981314,业主,center crm
东莞金域松湖,东莞城市分公司,东莞金域松湖服务站,东莞金域松湖17栋701,CN441900010171111010K0022,4419004012013040000150107019,渗漏,"厨房漏水,阳台漏水",,,13790115670,业主,center crm zze
东莞金域松湖,东莞城市分公司,东莞金域松湖服务站,东莞金域松湖17栋702,CN441900010171111010K0030,4419004012013040000150107027,渗漏,卫生间漏水,,,13902321807,业主,center crm zze
东莞金域松湖,东莞城市分公司,东莞金域松湖服务站,东莞金域松湖17栋802,CN441900010171111010F0017,4419004012013040000150108021,渗漏,厨房漏水,,,18566130582,业主,center crm zze
东莞金域松湖,东莞城市分公司,东莞金域松湖服务站,东莞金域松湖18栋1306,CN4419000101710D1010A004X,4419004012013040000100113061,渗漏,卫生间漏水,,,13712599820,业主,center crm
东莞金域松湖,东莞城市分公司,东莞金域松湖服务站,东莞金域松湖18栋1601,CN4419000101710D101050026,4419004012013040000100116019,渗漏,厨房漏水,,,13649826136,业主,center crm zze
东莞金域松湖,东莞城市分公司,东莞金域松湖服务站,东莞金域松湖18栋1802,CN4419000101710D1010M0029,4419004012013040000100118023,渗漏,厨房漏水,,,18823813120,业主,center crm zze
东莞金域松湖,东莞城市分公司,东莞金域松湖服务站,东莞金域松湖18栋1806,CN4419000101710D1010M0053,4419004012013040000100118065,渗漏,厨房漏水,,,15817500172,业主,center crm
东莞金域松湖,东莞城市分公司,东莞金域松湖服务站,东莞金域松湖18栋2101,CN4419000101710D1010F0047,4419004012013040000100121011,渗漏,厨房漏水,,,13243716640,业主,crm
东莞金域松湖,东莞城市分公司,东莞金域松湖服务站,东莞金域松湖18栋2202,CN4419000101710D101090044,4419004012013040000100122023,渗漏,厨房漏水,,,13600291353,业主,center crm
东莞金域松湖,东莞城市分公司,东莞金域松湖服务站,东莞金域松湖18栋2506,CN4419000101710D1010I0043,4419004012013040000100125063,渗漏,厨房漏水,,,13431510047,业主,center crm
东莞金域松湖,东莞城市分公司,东莞金域松湖服务站,东莞金域松湖18栋302,CN4419000101710D1010L004X,4419004012013040000100103021,渗漏,阳台漏水,,,13580832808,业主,center crm
东莞金域松湖,东莞城市分公司,东莞金域松湖服务站,东莞金域松湖18栋303,CN4419000101710D1010L0031,4419004012013040000100103039,渗漏,厨房漏水,,,13809826895,业主,center crm zze
东莞金域松湖,东莞城市分公司,东莞金域松湖服务站,东莞金域松湖18栋402,CN4419000101710D1010B0010,4419004012013040000100104025,渗漏,厨房漏水,,,18676612414,业主,center crm zze
东莞金域松湖,东莞城市分公司,东莞金域松湖服务站,东莞金域松湖18栋601,CN4419000101710D1010J0030,4419004012013040000100106011,渗漏,厨房漏水,,,18026936997,业主,crm zze
东莞金域松湖,东莞城市分公司,东莞金域松湖服务站,东莞金域松湖18栋602,CN4419000101710D1010J0022,4419004012013040000100106029,渗漏,厨房漏水,,,13925557604,业主,center crm zze
东莞金域松湖,东莞城市分公司,东莞金域松湖服务站,东莞金域松湖18栋603,CN4419000101710D1010J0049,4419004012013040000100106037,渗漏,厨房漏水,,,13825780793,业主,center crm zze
东莞金域松湖,东莞城市分公司,东莞金域松湖服务站,东莞金域松湖19栋102,CN4419000101710Z101040055,4419004012013060000130101023,渗漏,阳台漏水,,,13826275585,业主,crm zze
东莞金域松湖,东莞城市分公司,东莞金域松湖服务站,东莞金域松湖19栋103,CN4419000101710Z101040063,4419004012013060000130101031,渗漏,阳台漏水,,,13728332208,业主,center crm zze
东莞金域松湖,东莞城市分公司,东莞金域松湖服务站,东莞金域松湖19栋1402,CN4419000101710Z1010J0065,4419004012013060000130114023,渗漏,厨房漏水,,,13686650088,业主,center zze
东莞金域松湖,东莞城市分公司,东莞金域松湖服务站,东莞金域松湖19栋1501,CN4419000101710Z1010P0017,4419004012013060000130115017,渗漏,卫生间漏水,,,18925704599,业主,crm
东莞金域松湖,东莞城市分公司,东莞金域松湖服务站,东莞金域松湖19栋1502,CN4419000101710Z1010P0041,4419004012013060000130115025,渗漏,卫生间漏水,,,13431165635,业主,crm
东莞金域松湖,东莞城市分公司,东莞金域松湖服务站,东莞金域松湖19栋1602,CN4419000101710Z101070051,4419004012013060000130116027,渗漏,阳台漏水,,,13922989189,业主,center crm
东莞金域松湖,东莞城市分公司,东莞金域松湖服务站,东莞金域松湖19栋1803,CN4419000101710Z1010M007X,4419004012013060000130118031,渗漏,厨房漏水,,,15014838569,业主,center crm zze
东莞金域松湖,东莞城市分公司,东莞金域松湖服务站,东莞金域松湖19栋2002,CN4419000101710Z1010I0078,4419004012013060000130120027,渗漏,厨房漏水,,,13726414060,业主,crm zze
东莞金域松湖,东莞城市分公司,东莞金域松湖服务站,东莞金域松湖19栋2308,CN4419000101710Z1010F008X,4419004012013060000130123083,渗漏,厨房漏水,,,13602623730,业主,crm
东莞金域松湖,东莞城市分公司,东莞金域松湖服务站,东莞金域松湖19栋2403,CN4419000101710Z101010032,4419004012013060000130124035,渗漏,厨房漏水,,,13922902347,业主,center
东莞金域松湖,东莞城市分公司,东莞金域松湖服务站,东莞金域松湖19栋2502,CN4419000101710Z1010H003X,4419004012013060000130125021,渗漏,厨房漏水,,,13620901309,业主,center crm zze
东莞金域松湖,东莞城市分公司,东莞金域松湖服务站,东莞金域松湖19栋402,CN4419000101710Z1010A004X,4419004012013060000130104025,渗漏,"阳台漏水,厨房漏水",,,18819766705,业主,center crm zze
东莞金域松湖,东莞城市分公司,东莞金域松湖服务站,东莞金域松湖19栋702,CN4419000101710Z101020054,4419004012013060000130107023,渗漏,卫生间漏水,,,13538519982,业主,center crm zze
东莞金域松湖,东莞城市分公司,东莞金域松湖服务站,东莞金域松湖19栋801,CN4419000101710Z1010E005X,4419004012013060000130108017,渗漏,阳台漏水,,,13662941803,业主,center crm zze
东莞金域松湖,东莞城市分公司,东莞金域松湖服务站,东莞金域松湖19栋902,CN4419000101710Z101080030,4419004012013060000130109027,渗漏,厨房漏水,,,13925894873,业主,center crm zze
东莞金域松湖,东莞城市分公司,东莞金域松湖服务站,东莞金域松湖1栋2503,CN4419000101710J1010J0089,4419004012012090000080125037,渗漏,阳台漏水,,,18664103896,业主,center crm zze
东莞金域松湖,东莞城市分公司,东莞金域松湖服务站,东莞金域松湖20栋1003,CN441900010171101010A0066,4419004012013060000140110037,渗漏,厨房漏水,,,13798865958,业主,center crm zze
东莞金域松湖,东莞城市分公司,东莞金域松湖服务站,东莞金域松湖20栋1008,CN441900010171101010A0015,4419004012013060000140110087,渗漏,厨房漏水,,,13823721456,业主,center crm zze
东莞金域松湖,东莞城市分公司,东莞金域松湖服务站,东莞金域松湖20栋103,CN441900010171101010B0037,4419004012013060000140101035,渗漏,厨房漏水,,,18688837688,业主,center crm zze
东莞金域松湖,东莞城市分公司,东莞金域松湖服务站,东莞金域松湖20栋1201,CN44190001017110101090087,4419004012013060000140112017,渗漏,厨房漏水,,,13265204399,业主,crm zze
东莞金域松湖,东莞城市分公司,东莞金域松湖服务站,东莞金域松湖20栋1202,CN4419000101711010109001X,4419004012013060000140112025,渗漏,卫生间漏水,,,13794927338,业主,zze
东莞金域松湖,东莞城市分公司,东莞金域松湖服务站,东莞金域松湖20栋1203,CN44190001017110101090079,4419004012013060000140112033,渗漏,厨房漏水,,,13925707830,业主,center crm
东莞金域松湖,东莞城市分公司,东莞金域松湖服务站,东莞金域松湖20栋1301,CN441900010171101010P0076,4419004012013060000140113019,渗漏,阳台漏水,,,18665103512,家属,center crm zze
东莞金域松湖,东莞城市分公司,东莞金域松湖服务站,东莞金域松湖20栋1303,CN441900010171101010P0033,4419004012013060000140113035,渗漏,厨房漏水,,,13662770851,业主,crm zze
东莞金域松湖,东莞城市分公司,东莞金域松湖服务站,东莞金域松湖20栋1402,CN44190001017110101050077,4419004012013060000140114021,渗漏,阳台漏水,,,18998046899,业主,center crm zze
东莞金域松湖,东莞城市分公司,东莞金域松湖服务站,东莞金域松湖20栋1504,CN44190001017110101010075,4419004012013060000140115049,渗漏,厨房漏水,,,13268599906,业主,center crm zze
东莞金域松湖,东莞城市分公司,东莞金域松湖服务站,东莞金域松湖20栋1508,CN44190001017110101010083,4419004012013060000140115081,渗漏,卫生间漏水,,,13268599906,业主,crm zze
东莞金域松湖,东莞城市分公司,东莞金域松湖服务站,东莞金域松湖20栋1601,CN441900010171101010H0080,4419004012013060000140116011,渗漏,厨房漏水,,,13560323047,业主,crm
东莞金域松湖,东莞城市分公司,东莞金域松湖服务站,东莞金域松湖20栋1603,CN441900010171101010H0048,4419004012013060000140116037,渗漏,厨房漏水,,,18688732678,业主,center crm zze
东莞金域松湖,东莞城市分公司,东莞金域松湖服务站,东莞金域松湖20栋1701,CN441900010171101010J0065,4419004012013060000140117013,渗漏,厨房漏水,,,13662811111,业主,crm
东莞金域松湖,东莞城市分公司,东莞金域松湖服务站,东莞金域松湖20栋1708,CN441900010171101010J0073,4419004012013060000140117089,渗漏,厨房漏水,,,15920053901,业主,center
东莞金域松湖,东莞城市分公司,东莞金域松湖服务站,东莞金域松湖20栋1808,CN44190001017110101060064,4419004012013060000140118083,渗漏,厨房漏水,,,15605060268,业主,center crm zze
东莞金域松湖,东莞城市分公司,东莞金域松湖服务站,东莞金域松湖20栋2002,CN441900010171101010C0016,4419004012013060000140120025,渗漏,阳台漏水,,,13602324586,业主,crm
东莞金域松湖,东莞城市分公司,东莞金域松湖服务站,东莞金域松湖20栋2003,CN441900010171101010C0032,4419004012013060000140120033,渗漏,厨房漏水,,,13424799039,家属,center zze
东莞金域松湖,东莞城市分公司,东莞金域松湖服务站,东莞金域松湖20栋2008,CN441900010171101010C0067,4419004012013060000140120083,渗漏,厨房漏水,,,13790334975,业主,crm zze
东莞金域松湖,东莞城市分公司,东莞金域松湖服务站,东莞金域松湖20栋202,CN44190001017110101080022,4419004012013060000140102029,渗漏,"卫生间漏水,厨房漏水",,,13823128508,业主,center crm
东莞金域松湖,东莞城市分公司,东莞金域松湖服务站,东莞金域松湖20栋2103,CN44190001017110101040012,4419004012013060000140121035,渗漏,厨房漏水,,,13925887182,业主,crm zze
东莞金域松湖,东莞城市分公司,东莞金域松湖服务站,东莞金域松湖20栋2301,CN441900010171101010M0053,4419004012013060000140123015,渗漏,阳台漏水,,,15818401982,业主,crm zze
东莞金域松湖,东莞城市分公司,东莞金域松湖服务站,东莞金域松湖20栋2308,CN441900010171101010M0029,4419004012013060000140123081,渗漏,厨房漏水,,,13923899271,业主,center crm zze
东莞金域松湖,东莞城市分公司,东莞金域松湖服务站,东莞金域松湖20栋2404,CN441900010171101010I0051,4419004012013060000140124045,渗漏,厨房漏水,,,13923899805,业主,center crm zze
东莞金域松湖,东莞城市分公司,东莞金域松湖服务站,东莞金域松湖20栋2408,CN441900010171101010I0043,4419004012013060000140124087,渗漏,厨房漏水,,,13923899805,业主,center crm zze
东莞金域松湖,东莞城市分公司,东莞金域松湖服务站,东莞金域松湖20栋601,CN441900010171101010E0084,4419004012013060000140106013,渗漏,"厨房漏水,阳台漏水",,,13798866100,业主,center crm zze
东莞金域松湖,东莞城市分公司,东莞金域松湖服务站,东莞金域松湖20栋602,CN441900010171101010E0068,4419004012013060000140106021,渗漏,厨房漏水,,,13602577086,业主,center crm
东莞金域松湖,东莞城市分公司,东莞金域松湖服务站,东莞金域松湖20栋608,CN441900010171101010E0041,4419004012013060000140106089,渗漏,厨房漏水,,,13712092160,业主,center crm zze
东莞金域松湖,东莞城市分公司,东莞金域松湖服务站,东莞金域松湖20栋708,CN44190001017110101030076,4419004012013060000140107081,渗漏,阳台漏水,,,13652468105,业主,center crm
东莞金域松湖,东莞城市分公司,东莞金域松湖服务站,东莞金域松湖20栋801,CN441900010171101010N0016,4419004012013060000140108011,渗漏,"阳台漏水,卫生间漏水",,,13113025851,业主,crm
东莞金域松湖,东莞城市分公司,东莞金域松湖服务站,东莞金域松湖20栋802,CN441900010171101010N0067,4419004012013060000140108029,渗漏,卫生间漏水,,,18825538726,业主,crm zze
东莞金域松湖,东莞城市分公司,东莞金域松湖服务站,东莞金域松湖21栋1108,CN4419000101710W101050022,4419004012013110000010111081,渗漏,厨房漏水,,,13377785359,业主,center zze
东莞金域松湖,东莞城市分公司,东莞金域松湖服务站,东莞金域松湖21栋1308,CN4419000101710W1010L0046,4419004012013110000010113085,渗漏,阳台漏水,,,13662942933,业主,center crm zze
东莞金域松湖,东莞城市分公司,东莞金域松湖服务站,东莞金域松湖21栋1508,CN4419000101710W101090059,4419004012013110000010115081,渗漏,阳台漏水,,,13602392353,业主,center crm zze
东莞金域松湖,东莞城市分公司,东莞金域松湖服务站,东莞金域松湖21栋1708,CN4419000101710W101070031,4419004012013110000010117089,渗漏,厨房漏水,,,15899646992,业主,center crm
东莞金域松湖,东莞城市分公司,东莞金域松湖服务站,东莞金域松湖21栋1802,CN4419000101710W1010F0086,4419004012013110000010118025,渗漏,厨房漏水,,,15013683564,业主,center
东莞金域松湖,东莞城市分公司,东莞金域松湖服务站,东莞金域松湖21栋2003,CN4419000101710W10104006X,4419004012013110000010120033,渗漏,厨房漏水,,,13714459451,业主,center crm zze
东莞金域松湖,东莞城市分公司,东莞金域松湖服务站,东莞金域松湖21栋2101,CN4419000101710W1010O0018,4419004012013110000010121019,渗漏,"厨房漏水,阳台漏水",,,13620000283,业主,center
东莞金域松湖,东莞城市分公司,东莞金域松湖服务站,东莞金域松湖21栋2102,CN4419000101710W1010O0050,4419004012013110000010121027,渗漏,厨房漏水,,,13712437899,业主,crm zze
东莞金域松湖,东莞城市分公司,东莞金域松湖服务站,东莞金域松湖21栋2103,CN4419000101710W1010O0077,4419004012013110000010121035,渗漏,厨房漏水,,,13592729862,业主,crm zze
东莞金域松湖,东莞城市分公司,东莞金域松湖服务站,东莞金域松湖21栋2104,CN4419000101710W1010O0085,4419004012013110000010121043,渗漏,厨房漏水,,,18566562438,业主,center crm zze
东莞金域松湖,东莞城市分公司,东莞金域松湖服务站,东莞金域松湖21栋2201,CN4419000101710W1010D0026,4419004012013110000010122013,渗漏,厨房漏水,,,13276968596,业主,crm
东莞金域松湖,东莞城市分公司,东莞金域松湖服务站,东莞金域松湖21栋2203,CN4419000101710W1010D0069,4419004012013110000010122039,渗漏,厨房漏水,,,13903032159,业主,crm zze
东莞金域松湖,东莞城市分公司,东莞金域松湖服务站,东莞金域松湖21栋2208,CN4419000101710W1010D0042,4419004012013110000010122089,渗漏,厨房漏水,,,18829902266,业主,crm zze
东莞金域松湖,东莞城市分公司,东莞金域松湖服务站,东莞金域松湖21栋2301,CN4419000101710W1010A002X,4419004012013110000010123015,渗漏,厨房漏水,,,13929496636,业主,crm zze
东莞金域松湖,东莞城市分公司,东莞金域松湖服务站,东莞金域松湖21栋2401,CN4419000101710W101030056,4419004012013110000010124011,渗漏,阳台漏水,,,13433681108,业主,center
东莞金域松湖,东莞城市分公司,东莞金域松湖服务站,东莞金域松湖21栋701,CN4419000101710W1010B0017,4419004012013110000010107015,渗漏,厨房漏水,,,13712547210,业主,crm zze
东莞金域松湖,东莞城市分公司,东莞金域松湖服务站,东莞金域松湖21栋702,CN4419000101710W1010B0025,4419004012013110000010107023,渗漏,卫生间漏水,,,13662801507,业主,center
东莞金域松湖,东莞城市分公司,东莞金域松湖服务站,东莞金域松湖21栋703,CN4419000101710W1010B0033,4419004012013110000010107031,渗漏,卫生间漏水,,,13422022219,业主,center zze
东莞金域松湖,东莞城市分公司,东莞金域松湖服务站,东莞金域松湖21栋803,CN4419000101710W101020042,4419004012013110000010108037,渗漏,卫生间漏水,,,18575232057,业主,center crm zze
东莞金域松湖,东莞城市分公司,东莞金域松湖服务站,东莞金域松湖21栋901,CN4419000101710W101010071,4419004012013110000010109013,渗漏,"阳台漏水,厨房漏水",,,13729952728,业主,center crm zze
东莞金域松湖,东莞城市分公司,东莞金域松湖服务站,东莞金域松湖22栋101,CN4419000101710B1010O0055,4419004012013110000020101013,渗漏,厨房漏水,,,13723502766,业主,center
东莞金域松湖,东莞城市分公司,东莞金域松湖服务站,东莞金域松湖22栋103,CN4419000101710B1010O0039,4419004012013110000020101039,渗漏,阳台漏水,,,13929273828,业主,center crm
东莞金域松湖,东莞城市分公司,东莞金域松湖服务站,东莞金域松湖22栋1102,CN4419000101710B1010L0032,4419004012013110000020111029,渗漏,厨房漏水,,,18617215350,业主,center crm zze
东莞金域松湖,东莞城市分公司,东莞金域松湖服务站,东莞金域松湖22栋1202,CN4419000101710B101070079,4419004012013110000020112021,渗漏,厨房漏水,,,13826908784,业主,crm zze
东莞金域松湖,东莞城市分公司,东莞金域松湖服务站,东莞金域松湖22栋1302,CN4419000101710B1010K0010,4419004012013110000020113025,渗漏,厨房漏水,,,13712865164,业主,crm
东莞金域松湖,东莞城市分公司,东莞金域松湖服务站,东莞金域松湖22栋1503,CN4419000101710B1010G0078,4419004012013110000020115037,渗漏,厨房漏水,,,13763185668,业主,center zze
东莞金域松湖,东莞城市分公司,东莞金域松湖服务站,东莞金域松湖22栋1504,CN4419000101710B1010G0086,4419004012013110000020115045,渗漏,厨房漏水,,,13714571158,业主,center crm zze
东莞金域松湖,东莞城市分公司,东莞金域松湖服务站,东莞金域松湖22栋1508,CN4419000101710B1010G0035,4419004012013110000020115087,渗漏,厨房漏水,,,13714571158,业主,center crm zze
东莞金域松湖,东莞城市分公司,东莞金域松湖服务站,东莞金域松湖22栋1701,CN4419000101710B1010B0038,4419004012013110000020117017,渗漏,卫生间漏水,,,13240567311,业主,center crm zze
东莞金域松湖,东莞城市分公司,东莞金域松湖服务站,东莞金域松湖22栋1801,CN4419000101710B101040064,4419004012013110000020118019,渗漏,厨房漏水,,,15814391678,业主,center crm zze
东莞金域松湖,东莞城市分公司,东莞金域松湖服务站,东莞金域松湖22栋2102,CN4419000101710B1010C0025,4419004012013110000020121021,渗漏,厨房漏水,,,13723503122,业主,center crm
东莞金域松湖,东莞城市分公司,东莞金域松湖服务站,东莞金域松湖22栋2202,CN4419000101710B1010E0034,4419004012013110000020122025,渗漏,厨房漏水,,,18675507751,业主,center crm
东莞金域松湖,东莞城市分公司,东莞金域松湖服务站,东莞金域松湖22栋2301,CN4419000101710B1010P0069,4419004012013110000020123019,渗漏,"厨房漏水,卫生间漏水",,,13829124190,业主,crm zze
东莞金域松湖,东莞城市分公司,东莞金域松湖服务站,东莞金域松湖22栋2401,CN4419000101710B1010J0074,4419004012013110000020124011,渗漏,厨房漏水,,,13923855684,业主,crm zze
东莞金域松湖,东莞城市分公司,东莞金域松湖服务站,东莞金域松湖22栋2403,CN4419000101710B1010J0031,4419004012013110000020124037,渗漏,厨房漏水,,,13556788630,业主,center crm zze
东莞金域松湖,东莞城市分公司,东莞金域松湖服务站,东莞金域松湖22栋2408,CN4419000101710B1010J0066,4419004012013110000020124087,渗漏,厨房漏水,,,13609627203,业主,center crm zze
东莞金域松湖,东莞城市分公司,东莞金域松湖服务站,东莞金域松湖22栋402,CN4419000101710B1010M0011,4419004012013110000020104021,渗漏,卫生间漏水,,,13686045309,业主,crm zze
东莞金域松湖,东莞城市分公司,东莞金域松湖服务站,东莞金域松湖22栋503,CN4419000101710B1010I0036,4419004012013110000020105033,渗漏,厨房漏水,,,18164029950,业主,center crm zze
东莞金域松湖,东莞城市分公司,东莞金域松湖服务站,东莞金域松湖22栋504,CN4419000101710B1010I0060,4419004012013110000020105041,渗漏,卫生间漏水,,,18820309553,业主,crm zze
东莞金域松湖,东莞城市分公司,东莞金域松湖服务站,东莞金域松湖22栋708,CN4419000101710B101030085,4419004012013110000020107087,渗漏,厨房漏水,,,13532383821,业主,crm zze
东莞金域松湖,东莞城市分公司,东莞金域松湖服务站,东莞金域松湖22栋801,CN4419000101710B1010H0057,4419004012013110000020108015,渗漏,厨房漏水,,,13711944990,业主,center crm zze
东莞金域松湖,东莞城市分公司,东莞金域松湖服务站,东莞金域松湖22栋803,CN4419000101710B1010H0065,4419004012013110000020108031,渗漏,厨房漏水,,,15920291717,业主,center crm
东莞金域松湖,东莞城市分公司,东莞金域松湖服务站,东莞金域松湖22栋808,CN4419000101710B1010H0022,4419004012013110000020108081,渗漏,厨房漏水,,,18607693318,业主,crm zze
东莞金域松湖,东莞城市分公司,东莞金域松湖服务站,东莞金域松湖22栋901,CN4419000101710B101020047,4419004012013110000020109017,渗漏,"卫生间漏水,厨房漏水",,,15899682158,业主,center crm
东莞金域松湖,东莞城市分公司,东莞金域松湖服务站,东莞金域松湖26栋108,CN4419000101710L101020093,4419004012012090000030101081,渗漏,卫生间漏水,,,13802391272,业主,crm
东莞金域松湖,东莞城市分公司,东莞金域松湖服务站,东莞金域松湖29栋1001,CN4419000101710E1010M0015,4419001132014070000060110017,渗漏,厨房漏水,,,13538762846,业主,center crm zze
东莞金域松湖,东莞城市分公司,东莞金域松湖服务站,东莞金域松湖29栋1006,CN4419000101710E1010M0031,4419001132014070000060110067,渗漏,厨房漏水,,,13827205685,业主,center crm
东莞金域松湖,东莞城市分公司,东莞金域松湖服务站,东莞金域松湖29栋1103,CN4419000101710E1010C0010,4419001132014070000060111035,渗漏,厨房漏水,,,18610182677,业主,center
东莞金域松湖,东莞城市分公司,东莞金域松湖服务站,东莞金域松湖29栋1206,CN4419000101710E1010A0060,4419001132014070000060112061,渗漏,厨房漏水,,,13544072302,业主,center zze
东莞金域松湖,东莞城市分公司,东莞金域松湖服务站,东莞金域松湖29栋1304,CN4419000101710E101080019,4419001132014070000060113049,渗漏,厨房漏水,,,15920681889,业主,center crm zze
东莞金域松湖,东莞城市分公司,东莞金域松湖服务站,东莞金域松湖29栋1404,CN4419000101710E1010F0017,4419001132014070000060114041,渗漏,卫生间漏水,,,13148594661,业主,crm
东莞金域松湖,东莞城市分公司,东莞金域松湖服务站,东莞金域松湖29栋1504,CN4419000101710E1010I0021,4419001132014070000060115043,渗漏,厨房漏水,,,13712586883,业主,center crm zze
东莞金域松湖,东莞城市分公司,东莞金域松湖服务站,东莞金域松湖29栋1505,CN4419000101710E1010I0013,4419001132014070000060115051,渗漏,厨房漏水,,,13332628857,业主,center crm zze
东莞金域松湖,东莞城市分公司,东莞金域松湖服务站,东莞金域松湖29栋1603,CN4419000101710E101040025,4419001132014070000060116039,渗漏,厨房漏水,,,13612704995,业主,zze
东莞金域松湖,东莞城市分公司,东莞金域松湖服务站,东莞金域松湖29栋1706,CN4419000101710E1010D0032,4419001132014070000060117065,渗漏,厨房漏水,,,13433060009,业主,center crm zze
东莞金域松湖,东莞城市分公司,东莞金域松湖服务站,东莞金域松湖29栋1803,CN4419000101710E1010N0037,4419001132014070000060118037,渗漏,厨房漏水,,,13532948829,业主,center crm zze
东莞金域松湖,东莞城市分公司,东莞金域松湖服务站,东莞金域松湖29栋1804,CN4419000101710E1010N0053,4419001132014070000060118045,渗漏,厨房漏水,,,15362873487,业主,crm zze
东莞金域松湖,东莞城市分公司,东莞金域松湖服务站,东莞金域松湖29栋1904,CN4419000101710E1010L0036,4419001132014070000060119047,渗漏,厨房漏水,,,13823763590,业主,crm
东莞金域松湖,东莞城市分公司,东莞金域松湖服务站,东莞金域松湖29栋2103,CN4419000101710E101070064,4419001132014070000060121031,渗漏,厨房漏水,,,13694913336,业主,center crm zze
东莞金域松湖,东莞城市分公司,东莞金域松湖服务站,东莞金域松湖29栋2501,CN4419000101710E1010B0023,4419001132014070000060125015,渗漏,厨房漏水,,,13642999990,业主,center crm zze
东莞金域松湖,东莞城市分公司,东莞金域松湖服务站,东莞金域松湖29栋305,CN4419000101710E101020059,4419001132014070000060103051,渗漏,厨房漏水,,,13751338303,业主,center crm zze
东莞金域松湖,东莞城市分公司,东莞金域松湖服务站,东莞金域松湖29栋505,CN4419000101710E101060050,4419001132014070000060105057,渗漏,阳台漏水,,,13527210161,业主,zze
东莞金域松湖,东莞城市分公司,东莞金域松湖服务站,东莞金域松湖29栋602,CN4419000101710E101050012,4419001132014070000060106025,渗漏,阳台漏水,,,13794860038,业主,center crm zze
东莞金域松湖,东莞城市分公司,东莞金域松湖服务站,东莞金域松湖29栋604,CN4419000101710E101050047,4419001132014070000060106041,渗漏,卫生间漏水,,,13412106460,业主,center crm zze
东莞金域松湖,东莞城市分公司,东莞金域松湖服务站,东莞金域松湖29栋605,CN4419000101710E101050055,4419001132014070000060106059,渗漏,厨房漏水,,,18666883567,业主,center crm
东莞金域松湖,东莞城市分公司,东莞金域松湖服务站,东莞金域松湖2栋1805,CN44190001017107101010035,4419004012012090000070118051,渗漏,厨房漏水,,,13437445922,业主,crm
东莞金域松湖,东莞城市分公司,东莞金域松湖服务站,东莞金域松湖2栋2104,CN441900010171071010I0089,4419004012012090000070121047,渗漏,厨房漏水,,,13790262662,业主,center crm zze
东莞金域松湖,东莞城市分公司,东莞金域松湖服务站,东莞金域松湖2栋2306,CN441900010171071010G007X,4419004012012090000070123069,渗漏,阳台漏水,,,15015171303,业主,center crm zze
东莞金域松湖,东莞城市分公司,东莞金域松湖服务站,东莞金域松湖2栋702,CN441900010171071010D0014,4419004012012090000070107029,渗漏,卫生间漏水,,,13424767656,业主,center crm zze
东莞金域松湖,东莞城市分公司,东莞金域松湖服务站,东莞金域松湖32栋1105,CN441900010171091010B0047,4419004012015050000020111053,渗漏,厨房漏水,,,13824321086,业主,center crm zze
东莞金域松湖,东莞城市分公司,东莞金域松湖服务站,东莞金域松湖33栋1901,CN4419000101710Q101010031,4419004012015050000030119017,渗漏,厨房漏水,,,13422991119,业主,center crm zze
东莞金域松湖,东莞城市分公司,东莞金域松湖服务站,东莞金域松湖34栋1203,CN4419000101710N101080044,4419004012015050000040112037,渗漏,卫生间漏水,,,13751057886,业主,center crm zze
东莞金域松湖,东莞城市分公司,东莞金域松湖服务站,东莞金域松湖34栋1204,CN4419000101710N101080052,4419004012015050000040112045,渗漏,厨房漏水,,,13660125411,业主,center crm zze
东莞金域松湖,东莞城市分公司,东莞金域松湖服务站,东莞金域松湖34栋1302,CN4419000101710N101070030,4419004012015050000040113021,渗漏,卫生间漏水,,,13602326770,业主,center crm zze
东莞金域松湖,东莞城市分公司,东莞金域松湖服务站,东莞金域松湖34栋1505,CN4419000101710N101030020,4419004012015050000040115051,渗漏,厨房漏水,,,13510249845,业主,center crm zze
东莞金域松湖,东莞城市分公司,东莞金域松湖服务站,东莞金域松湖34栋501,CN4419000101710N101010062,4419004012015050000040105013,渗漏,卫生间漏水,,,18666226197,业主,center crm zze
东莞金域松湖,东莞城市分公司,东莞金域松湖服务站,东莞金域松湖34栋904,CN4419000101710N1010C0011,4419004012015050000040109049,渗漏,厨房漏水,,,13538252804,业主,center crm zze
东莞金域松湖,东莞城市分公司,东莞金域松湖服务站,东莞金域松湖3栋1802,CN4419000101710R1010E0037,4419004012012090000060118025,渗漏,厨房漏水,,,13450623678,业主,crm
东莞金域松湖,东莞城市分公司,东莞金域松湖服务站,东莞金域松湖4栋1002,CN441900010171051010F0040,4419004012012090000050110021,渗漏,厨房漏水,,,13826968835,业主,crm
东莞金域松湖,东莞城市分公司,东莞金域松湖服务站,东莞金域松湖4栋1105,CN44190001017105101050054,4419004012012090000050111059,渗漏,阳台漏水,,,13686495558,业主,center crm zze
东莞金域松湖,东莞城市分公司,东莞金域松湖服务站,东莞金域松湖4栋1306,CN44190001017105101030045,4419004012012090000050113061,渗漏,厨房漏水,,,13532350886,业主,crm
东莞金域松湖,东莞城市分公司,东莞金域松湖服务站,东莞金域松湖4栋1505,CN441900010171051010N0036,4419004012012090000050115059,渗漏,阳台漏水,,,18675558896,业主,center crm zze
东莞金域松湖,东莞城市分公司,东莞金域松湖服务站,东莞金域松湖4栋1603,CN441900010171051010L0051,4419004012012090000050116035,渗漏,厨房漏水,,,13556766116,业主,crm zze
东莞金域松湖,东莞城市分公司,东莞金域松湖服务站,东莞金域松湖4栋1701,CN441900010171051010A0035,4419004012012090000050117013,渗漏,厨房漏水,,,13480831321,业主,center crm zze
东莞金域松湖,东莞城市分公司,东莞金域松湖服务站,东莞金域松湖4栋1906,CN441900010171051010D0066,4419004012012090000050119061,渗漏,厨房漏水,,,13430893560,业主,center
东莞金域松湖,东莞城市分公司,东莞金域松湖服务站,东莞金域松湖4栋204,CN44190001017105101040032,4419004012012090000050102045,渗漏,厨房漏水,,,13528895983,业主,center crm zze
东莞金域松湖,东莞城市分公司,东莞金域松湖服务站,东莞金域松湖4栋2104,CN441900010171051010K0072,4419004012012090000050121045,渗漏,厨房漏水,,,13829110666,业主,center crm zze
东莞金域松湖,东莞城市分公司,东莞金域松湖服务站,东莞金域松湖4栋2301,CN441900010171051010B0081,4419004012012090000050123017,渗漏,厨房漏水,,,13713783756,业主,center
东莞金域松湖,东莞城市分公司,东莞金域松湖服务站,东莞金域松湖4栋2502,CN441900010171051010I008X,4419004012012090000050125021,渗漏,卫生间漏水,,,13532673488,业主,center
东莞金域松湖,东莞城市分公司,东莞金域松湖服务站,东莞金域松湖4栋302,CN44190001017105101080077,4419004012012090000050103021,渗漏,厨房漏水,,,18007693221,业主,crm
东莞金域松湖,东莞城市分公司,东莞金域松湖服务站,东莞金域松湖4栋402,CN44190001017105101060068,4419004012012090000050104025,渗漏,厨房漏水,,,13826564586,业主,crm
东莞金域松湖,东莞城市分公司,东莞金域松湖服务站,东莞金域松湖4栋504,CN441900010171051010E0037,4419004012012090000050105043,渗漏,厨房漏水,,,18925861216,业主,crm zze
东莞金域松湖,东莞城市分公司,东莞金域松湖服务站,东莞金域松湖4栋505,CN441900010171051010E0045,4419004012012090000050105051,渗漏,厨房漏水,,,18826981937,业主,center zze
东莞金域松湖,东莞城市分公司,东莞金域松湖服务站,东莞金域松湖4栋802,CN44190001017105101020015,4419004012012090000050108025,渗漏,"卫生间漏水,厨房漏水",,,15999538384,业主,crm zze
东莞金域松湖,东莞城市分公司,东莞金域松湖服务站,东莞金域松湖5栋1104,CN4419000101710V1010B008X,4419004012012090000040111047,渗漏,厨房漏水,,,15916788884,业主,crm
东莞金域松湖,东莞城市分公司,东莞金域松湖服务站,东莞金域松湖5栋1106,CN4419000101710V1010B0020,4419004012012090000040111063,渗漏,厨房漏水,,,13929225282,业主,center crm zze
东莞金域松湖,东莞城市分公司,东莞金域松湖服务站,东莞金域松湖5栋1206,CN4419000101710V1010H004X,4419004012012090000040112067,渗漏,厨房漏水,,,13760402766,业主,crm
东莞金域松湖,东莞城市分公司,东莞金域松湖服务站,东莞金域松湖5栋1508,CN4419000101710V1010O0013,4419004012012090000040115081,渗漏,阳台漏水,,,13600285756,业主,crm
东莞金域松湖,东莞城市分公司,东莞金域松湖服务站,东莞金域松湖5栋1602,CN4419000101710V1010G0060,4419004012012090000040116025,渗漏,厨房漏水,,,15889766768,业主,center crm zze
东莞金域松湖,东莞城市分公司,东莞金域松湖服务站,东莞金域松湖5栋1605,CN4419000101710V1010G0044,4419004012012090000040116059,渗漏,厨房漏水,,,13712165916,业主,center crm zze
东莞金域松湖,东莞城市分公司,东莞金域松湖服务站,东莞金域松湖5栋1701,CN4419000101710V1010L0025,4419004012012090000040117019,渗漏,阳台漏水,,,13712033702,业主,center crm zze
东莞金域松湖,东莞城市分公司,东莞金域松湖服务站,东莞金域松湖5栋1702,CN4419000101710V1010L0017,4419004012012090000040117027,渗漏,厨房漏水,,,15295000295,业主,crm
东莞金域松湖,东莞城市分公司,东莞金域松湖服务站,东莞金域松湖5栋2002,CN4419000101710V101010077,4419004012012090000040120025,渗漏,卫生间漏水,,,13763181503,业主,center crm zze
东莞金域松湖,东莞城市分公司,东莞金域松湖服务站,东莞金域松湖5栋204,CN4419000101710V1010J0024,4419004012012090000040102047,渗漏,厨房漏水,,,13926837983,业主,crm
东莞金域松湖,东莞城市分公司,东莞金域松湖服务站,东莞金域松湖5栋2306,CN4419000101710V1010N0069,4419004012012090000040123065,渗漏,厨房漏水,,,13641472801,业主,center crm zze
东莞金域松湖,东莞城市分公司,东莞金域松湖服务站,东莞金域松湖5栋406,CN4419000101710V1010P0027,4419004012012090000040104069,渗漏,卫生间漏水,,,13650047616,业主,center zze
东莞金域松湖,东莞城市分公司,东莞金域松湖服务站,东莞金域松湖5栋502,CN4419000101710V1010M0055,4419004012012090000040105029,渗漏,厨房漏水,,,13711800680,业主,center crm
东莞金域松湖,东莞城市分公司,东莞金域松湖服务站,东莞金域松湖5栋505,CN4419000101710V1010M0012,4419004012012090000040105053,渗漏,卫生间漏水,,,13725487437,业主,center crm
东莞金域松湖,东莞城市分公司,东莞金域松湖服务站,东莞金域松湖5栋705,CN4419000101710V101020013,4419004012012090000040107059,渗漏,卫生间漏水,,,13925863141,业主,center crm zze
东莞金域松湖,东莞城市分公司,东莞金域松湖服务站,东莞金域松湖5栋803,CN4419000101710V101060058,4419004012012090000040108035,渗漏,"卫生间漏水,厨房漏水",,,13631705403,业主,crm
东莞金域松湖,东莞城市分公司,东莞金域松湖服务站,东莞金域松湖5栋806,CN4419000101710V10106004X,4419004012012090000040108069,渗漏,厨房漏水,,,13245348058,业主,center
东莞金域松湖,东莞城市分公司,东莞金域松湖服务站,东莞金域松湖5栋901,CN4419000101710V101080040,4419004012012090000040109013,渗漏,厨房漏水,,,13612700266,业主,center crm zze
东莞金域松湖,东莞城市分公司,东莞金域松湖服务站,东莞金域松湖6栋1002,CN4419000101710C101080079,4419004012013060000090110021,渗漏,"卫生间漏水,厨房漏水",,,13729989252,业主,center crm zze
东莞金域松湖,东莞城市分公司,东莞金域松湖服务站,东莞金域松湖6栋1004,CN4419000101710C101080028,4419004012013060000090110047,渗漏,卫生间漏水,,,13649815080,业主,center zze
东莞金域松湖,东莞城市分公司,东莞金域松湖服务站,东莞金域松湖6栋1005,CN4419000101710C101080060,4419004012013060000090110055,渗漏,厨房漏水,,,15017069777,业主,center crm zze
东莞金域松湖,东莞城市分公司,东莞金域松湖服务站,东莞金域松湖6栋1102,CN4419000101710C101020025,4419004012013060000090111023,渗漏,"阳台漏水,厨房漏水",,,18825751535,业主,center crm zze
东莞金域松湖,东莞城市分公司,东莞金域松湖服务站,东莞金域松湖6栋1105,CN4419000101710C101020076,4419004012013060000090111057,渗漏,厨房漏水,,,13925882228,业主,crm zze
东莞金域松湖,东莞城市分公司,东莞金域松湖服务站,东莞金域松湖6栋1201,CN4419000101710C1010N0070,4419004012013060000090112011,渗漏,厨房漏水,,,13928333737,业主,center crm zze
东莞金域松湖,东莞城市分公司,东莞金域松湖服务站,东莞金域松湖6栋1403,CN4419000101710C1010B0040,4419004012013060000090114033,渗漏,厨房漏水,,,13652572765,业主,center crm zze
东莞金域松湖,东莞城市分公司,东莞金域松湖服务站,东莞金域松湖6栋1806,CN4419000101710C1010D0041,4419004012013060000090118067,渗漏,卫生间漏水,,,18706222733,业主,crm
东莞金域松湖,东莞城市分公司,东莞金域松湖服务站,东莞金域松湖6栋2101,CN4419000101710C1010L0029,4419004012013060000090121017,渗漏,厨房漏水,,,13532371381,业主,crm zze
东莞金域松湖,东莞城市分公司,东莞金域松湖服务站,东莞金域松湖6栋2104,CN4419000101710C1010L0053,4419004012013060000090121041,渗漏,厨房漏水,,,18680605988,业主,center crm
东莞金域松湖,东莞城市分公司,东莞金域松湖服务站,东莞金域松湖6栋2201,CN4419000101710C101070014,4419004012013060000090122019,渗漏,厨房漏水,,,13728152992,业主,crm
东莞金域松湖,东莞城市分公司,东莞金域松湖服务站,东莞金域松湖6栋2203,CN4419000101710C101070030,4419004012013060000090122035,渗漏,厨房漏水,,,13412865268,业主,center
东莞金域松湖,东莞城市分公司,东莞金域松湖服务站,东莞金域松湖6栋503,CN4419000101710C1010K0082,4419004012013060000090105039,渗漏,厨房漏水,,,13922913583,业主,crm zze
东莞金域松湖,东莞城市分公司,东莞金域松湖服务站,东莞金域松湖6栋504,CN4419000101710C1010K0023,4419004012013060000090105047,渗漏,厨房漏水,,,13631781401,业主,center crm zze
东莞金域松湖,东莞城市分公司,东莞金域松湖服务站,东莞金域松湖6栋506,CN4419000101710C1010K004X,4419004012013060000090105063,渗漏,厨房漏水,,,13717199230,业主,zze
东莞金域松湖,东莞城市分公司,东莞金域松湖服务站,东莞金域松湖6栋601,CN4419000101710C1010J0087,4419004012013060000090106017,渗漏,阳台漏水,,,13590407373,业主,center
东莞金域松湖,东莞城市分公司,东莞金域松湖服务站,东莞金域松湖6栋905,CN4419000101710C10105003X,4419004012013060000090109057,渗漏,厨房漏水,,,15399410298,业主,center crm
东莞金域松湖,东莞城市分公司,东莞金域松湖服务站,东莞金域松湖7栋1005,CN4419000101710U1010J0046,4419004012013090000010110053,渗漏,厨房漏水,,,13712076779,业主,center crm zze
东莞金域松湖,东莞城市分公司,东莞金域松湖服务站,东莞金域松湖7栋102,CN4419000101710U1010P0049,4419004012013090000010101029,渗漏,厨房漏水,,,13728108009,业主,crm zze
东莞金域松湖,东莞城市分公司,东莞金域松湖服务站,东莞金域松湖7栋1503,CN4419000101710U101050066,4419004012013090000010115031,渗漏,卫生间漏水,,,13649888289,业主,center crm zze
东莞金域松湖,东莞城市分公司,东莞金域松湖服务站,东莞金域松湖7栋1505,CN4419000101710U101050023,4419004012013090000010115057,渗漏,卫生间漏水,,,13712220989,业主,center crm
东莞金域松湖,东莞城市分公司,东莞金域松湖服务站,东莞金域松湖7栋1801,CN4419000101710U1010L0063,4419004012013090000010118013,渗漏,厨房漏水,,,18128550733,业主,center crm zze
东莞金域松湖,东莞城市分公司,东莞金域松湖服务站,东莞金域松湖7栋1804,CN4419000101710U1010L0055,4419004012013090000010118047,渗漏,厨房漏水,,,13554708290,业主,zze
东莞金域松湖,东莞城市分公司,东莞金域松湖服务站,东莞金域松湖7栋2006,CN4419000101710U1010B0050,4419004012013090000010120067,渗漏,阳台漏水,,,13631674748,业主,center
东莞金域松湖,东莞城市分公司,东莞金域松湖服务站,东莞金域松湖7栋2103,CN4419000101710U101040036,4419004012013090000010121035,渗漏,"厨房漏水,卫生间漏水",,,13925770103,业主,center crm zze
东莞金域松湖,东莞城市分公司,东莞金域松湖服务站,东莞金域松湖7栋2301,CN4419000101710U1010A0063,4419004012013090000010123015,渗漏,厨房漏水,,,13650275218,业主,crm zze
东莞金域松湖,东莞城市分公司,东莞金域松湖服务站,东莞金域松湖7栋2303,CN4419000101710U1010A008X,4419004012013090000010123031,渗漏,厨房漏水,,,15999834569,业主,center crm
东莞金域松湖,东莞城市分公司,东莞金域松湖服务站,东莞金域松湖7栋304,CN4419000101710U101080011,4419004012013090000010103041,渗漏,厨房漏水,,,13726425355,业主,crm
东莞金域松湖,东莞城市分公司,东莞金域松湖服务站,东莞金域松湖7栋505,CN4419000101710U101030014,4419004012013090000010105053,渗漏,厨房漏水,,,13751271413,业主,center crm zze
东莞金域松湖,东莞城市分公司,东莞金域松湖服务站,东莞金域松湖7栋601,CN4419000101710U1010I0040,4419004012013090000010106015,渗漏,厨房漏水,,,13728441210,业主,crm zze
东莞金域松湖,东莞城市分公司,东莞金域松湖服务站,东莞金域松湖7栋604,CN4419000101710U1010I0067,4419004012013090000010106049,渗漏,厨房漏水,,,15818218812,业主,center crm zze
东莞金域松湖,东莞城市分公司,东莞金域松湖服务站,东莞金域松湖7栋704,CN4419000101710U101070040,4419004012013090000010107041,渗漏,厨房漏水,,,18266906943,业主,crm
东莞金域松湖,东莞城市分公司,东莞金域松湖服务站,东莞金域松湖7栋804,CN4419000101710U101010080,4419004012013090000010108043,渗漏,厨房漏水,,,13392719238,业主,crm
东莞金域松湖,东莞城市分公司,东莞金域松湖服务站,东莞金域松湖8栋1001,CN4419000101710O1010M0037,4419004012013090000020110013,渗漏,阳台漏水,,,13538665843,业主,crm zze
东莞金域松湖,东莞城市分公司,东莞金域松湖服务站,东莞金域松湖8栋103,CN4419000101710O10107006X,4419004012013090000020101031,渗漏,阳台漏水,,,13318441172,业主,center crm zze
东莞金域松湖,东莞城市分公司,东莞金域松湖服务站,东莞金域松湖8栋1102,CN4419000101710O101090044,4419004012013090000020111025,渗漏,厨房漏水,,,15072271516,业主,center crm zze
东莞金域松湖,东莞城市分公司,东莞金域松湖服务站,东莞金域松湖8栋1106,CN4419000101710O101090028,4419004012013090000020111067,渗漏,厨房漏水,,,13826909966,业主,center crm zze
东莞金域松湖,东莞城市分公司,东莞金域松湖服务站,东莞金域松湖8栋1705,CN4419000101710O1010C0075,4419004012013090000020117055,渗漏,厨房漏水,,,13712941678,业主,center crm zze
东莞金域松湖,东莞城市分公司,东莞金域松湖服务站,东莞金域松湖8栋1802,CN4419000101710O1010K0087,4419004012013090000020118023,渗漏,厨房漏水,,,13570840589,业主,center crm
东莞金域松湖,东莞城市分公司,东莞金域松湖服务站,东莞金域松湖8栋203,CN4419000101710O1010O002X,4419004012013090000020102037,渗漏,厨房漏水,,,13423175306,业主,center crm zze
东莞金域松湖,东莞城市分公司,东莞金域松湖服务站,东莞金域松湖8栋2204,CN4419000101710O1010I006X,4419004012013090000020122049,渗漏,卫生间漏水,,,18680069808,业主,center crm zze
东莞金域松湖,东莞城市分公司,东莞金域松湖服务站,东莞金域松湖8栋301,CN4419000101710O1010N0075,4419004012013090000020103013,渗漏,卫生间漏水,,,18680417257,业主,center crm zze
东莞金域松湖,东莞城市分公司,东莞金域松湖服务站,东莞金域松湖8栋304,CN4419000101710O1010N0032,4419004012013090000020103047,渗漏,厨房漏水,,,18819528837,业主,center crm zze
东莞金域松湖,东莞城市分公司,东莞金域松湖服务站,东莞金域松湖8栋602,CN4419000101710O1010J0065,4419004012013090000020106029,渗漏,卫生间漏水,,,18070951394,业主,crm zze
东莞金域松湖,东莞城市分公司,东莞金域松湖服务站,东莞金域松湖8栋604,CN4419000101710O1010J0030,4419004012013090000020106045,渗漏,厨房漏水,,,13925533702,业主,center crm
东莞金域松湖,东莞城市分公司,东莞金域松湖服务站,东莞金域松湖8栋703,CN4419000101710O1010E0068,4419004012013090000020107031,渗漏,厨房漏水,,,13713147377,业主,center zze
东莞金域松湖,东莞城市分公司,东莞金域松湖服务站,东莞金域松湖8栋906,CN4419000101710O1010A004X,4419004012013090000020109069,渗漏,厨房漏水,,,15625832528,业主,center crm zze
东莞金域松湖,东莞城市分公司,东莞金域松湖服务站,东莞金域松湖9栋1304,CN44190001017104101020045,4419004012014110000010113047,渗漏,厨房漏水,,,13829212719,业主,center crm zze
东莞金域松湖,东莞城市分公司,东莞金域松湖服务站,东莞金域松湖9栋1306,CN44190001017104101020061,4419004012014110000010113063,渗漏,厨房漏水,,,15812898410,业主,crm zze
东莞金域松湖,东莞城市分公司,东莞金域松湖服务站,东莞金域松湖9栋1405,CN441900010171041010L0049,4419004012014110000010114059,渗漏,厨房漏水,,,13929226790,业主,center crm zze
东莞金域松湖,东莞城市分公司,东莞金域松湖服务站,东莞金域松湖9栋1602,CN441900010171041010E0067,4419004012014110000010116029,渗漏,厨房漏水,,,18676058346,业主,center crm zze
东莞金域松湖,东莞城市分公司,东莞金域松湖服务站,东莞金域松湖9栋1605,CN441900010171041010E0024,4419004012014110000010116053,渗漏,厨房漏水,,,18922958932,业主,center crm zze
东莞金域松湖,东莞城市分公司,东莞金域松湖服务站,东莞金域松湖9栋1705,CN44190001017104101070018,4419004012014110000010117057,渗漏,厨房漏水,,,13631604043,业主,crm zze
东莞金域松湖,东莞城市分公司,东莞金域松湖服务站,东莞金域松湖9栋1806,CN441900010171041010N0031,4419004012014110000010118067,渗漏,厨房漏水,,,13712437899,业主,crm zze
东莞金域松湖,东莞城市分公司,东莞金域松湖服务站,东莞金域松湖9栋2003,CN44190001017104101080064,4419004012014110000010120039,渗漏,"阳台漏水,厨房漏水",,,15359586977,业主,center
东莞金域松湖,东莞城市分公司,东莞金域松湖服务站,东莞金域松湖9栋2004,CN44190001017104101080056,4419004012014110000010120047,渗漏,厨房漏水,,,13480096618,业主,center crm zze
东莞金域松湖,东莞城市分公司,东莞金域松湖服务站,东莞金域松湖9栋202,CN44190001017104101010066,4419004012014110000010102021,渗漏,厨房漏水,,,15999794824,业主,center zze
东莞金域松湖,东莞城市分公司,东莞金域松湖服务站,东莞金域松湖9栋204,CN4419000101710410101004X,4419004012014110000010102047,渗漏,卫生间漏水,,,13549232688,业主,center crm zze
东莞金域松湖,东莞城市分公司,东莞金域松湖服务站,东莞金域松湖9栋2203,CN441900010171041010A0049,4419004012014110000010122035,渗漏,厨房漏水,,,13480689749,业主,center crm
东莞金域松湖,东莞城市分公司,东莞金域松湖服务站,东莞金域松湖9栋2205,CN441900010171041010A0022,4419004012014110000010122051,渗漏,厨房漏水,,,13580926869,业主,center crm zze
东莞金域松湖,东莞城市分公司,东莞金域松湖服务站,东莞金域松湖9栋2206,CN441900010171041010A0030,4419004012014110000010122069,渗漏,厨房漏水,,,13631604042,业主,center crm
东莞金域松湖,东莞城市分公司,东莞金域松湖服务站,东莞金域松湖9栋2401,CN441900010171041010K0035,4419004012014110000010124015,渗漏,厨房漏水,,,13922893422,业主,crm zze
东莞金域松湖,东莞城市分公司,东莞金域松湖服务站,东莞金域松湖9栋2501,CN441900010171041010H0020,4419004012014110000010125017,渗漏,厨房漏水,,,18820210203,业主,center crm
东莞金域松湖,东莞城市分公司,东莞金域松湖服务站,东莞金域松湖9栋2505,CN441900010171041010H0012,4419004012014110000010125059,渗漏,厨房漏水,,,13922994758,业主,center crm zze
东莞金域松湖,东莞城市分公司,东莞金域松湖服务站,东莞金域松湖9栋301,CN44190001017104101040046,4419004012014110000010103015,渗漏,阳台漏水,,,13728336383,业主,center crm zze
东莞金域松湖,东莞城市分公司,东莞金域松湖服务站,东莞金域松湖9栋304,CN44190001017104101040054,4419004012014110000010103049,渗漏,厨房漏水,,,13431386407,业主,center crm zze
东莞金域松湖,东莞城市分公司,东莞金域松湖服务站,东莞金域松湖9栋306,CN44190001017104101040062,4419004012014110000010103065,渗漏,厨房漏水,,,18688617224,业主,center crm zze
东莞金域松湖,东莞城市分公司,东莞金域松湖服务站,东莞金域松湖9栋404,CN441900010171041010O0053,4419004012014110000010104045,渗漏,厨房漏水,,,13631494682,业主,center crm zze
东莞金域松湖,东莞城市分公司,东莞金域松湖服务站,东莞金域松湖9栋703,CN441900010171041010C0058,4419004012014110000010107035,渗漏,厨房漏水,,,13712108811,业主,crm zze
东莞金域松湖,东莞城市分公司,东莞金域松湖服务站,东莞金域松湖9栋705,CN441900010171041010C0015,4419004012014110000010107051,渗漏,阳台漏水,,,15920288064,业主,center crm zze
东莞金域松湖,东莞城市分公司,东莞金域松湖服务站,东莞金域松湖10栋2501,CN4419000101710M1010H0030,4419004012014110000020125015,"渗漏,浴改淋",卫生间漏水,渗水/返潮,B_多孩之家,18680605923,业主,center crm
东莞金域松湖,东莞城市分公司,东莞金域松湖服务站,东莞金域松湖10栋603,CN4419000101710M1010N005X,4419004012014110000020106033,"渗漏,浴改淋",阳台漏水,渗水/返潮,,13925841449,业主,center crm zze
东莞金域松湖,东莞城市分公司,东莞金域松湖服务站,东莞金域松湖10栋701,CN4419000101710M1010E0018,4419004012014110000020107019,"渗漏,浴改淋",厨房漏水,渗水/返潮,,13798279726,业主,crm zze
东莞金域松湖,东莞城市分公司,东莞金域松湖服务站,东莞金域松湖11栋1105,CN4419000101710X1010E0026,4419004012015010000010111055,"渗漏,浴改淋",厨房漏水,渗水/返潮,,13823216020,业主,center
东莞金域松湖,东莞城市分公司,东莞金域松湖服务站,东莞金域松湖11栋406,CN4419000101710X1010H0065,4419004012015010000010104069,"渗漏,浴改淋",厨房漏水,,D_三口之家,15013601499,业主,center crm zze
东莞金域松湖,东莞城市分公司,东莞金域松湖服务站,东莞金域松湖11栋702,CN4419000101710X101060049,4419004012015010000010107025,"渗漏,浴改淋",卫生间漏水,渗水/返潮,,13423131631,业主,center crm zze
东莞金域松湖,东莞城市分公司,东莞金域松湖服务站,东莞金域松湖12栋1004,CN44190001017106101090050,4419004012015010000020110047,"渗漏,浴改淋",厨房漏水,渗水/返潮,,13632812906,业主,center crm zze
东莞金域松湖,东莞城市分公司,东莞金域松湖服务站,东莞金域松湖12栋1104,CN44190001017106101070025,4419004012015010000020111041,"渗漏,浴改淋",卫生间漏水,渗水/返潮,,13028831189,业主,crm
东莞金域松湖,东莞城市分公司,东莞金域松湖服务站,东莞金域松湖12栋503,CN441900010171061010M0027,4419004012015010000020105035,"渗漏,浴改淋",阳台漏水,渗水/返潮,,13925748055,业主,center crm zze
东莞金域松湖,东莞城市分公司,东莞金域松湖服务站,东莞金域松湖13栋1306,CN4419000101710Y101080036,4419004012015010000030113069,"渗漏,浴改淋",厨房漏水,渗水/返潮,,13798873516,业主,center
东莞金域松湖,东莞城市分公司,东莞金域松湖服务站,东莞金域松湖14栋1001,CN4419000101710G1010D0031,4419001132014060000010110011,"渗漏,浴改淋",厨房漏水,渗水/返潮,,18688818507,业主,crm zze
东莞金域松湖,东莞城市分公司,东莞金域松湖服务站,东莞金域松湖14栋1802,CN4419000101710G1010J0018,4419001132014060000010118025,"渗漏,浴改淋",阳台漏水,渗水/返潮,,13510802768,业主,crm zze
东莞金域松湖,东莞城市分公司,东莞金域松湖服务站,东莞金域松湖14栋203,CN4419000101710G101060041,4419001132014060000010102037,"渗漏,浴改淋","卫生间漏水,厨房漏水",,D_三口之家,13244996067,业主,crm zze
东莞金域松湖,东莞城市分公司,东莞金域松湖服务站,东莞金域松湖14栋2303,CN4419000101710G1010L006X,4419001132014060000010123031,"渗漏,浴改淋","卫生间漏水,厨房漏水","墙面发霉,渗水/返潮",,13527925659,业主,center crm zze
东莞金域松湖,东莞城市分公司,东莞金域松湖服务站,东莞金域松湖14栋2502,CN4419000101710G1010O0066,4419001132014060000010125021,"渗漏,浴改淋","卫生间漏水,厨房漏水",渗水/返潮,,13149917118,业主,center
东莞金域松湖,东莞城市分公司,东莞金域松湖服务站,东莞金域松湖15栋1506,CN4419000101710F1010D0053,4419001132014060000020115061,"渗漏,浴改淋","阳台漏水,厨房漏水",渗水/返潮,,15916801026,业主,center crm zze
东莞金域松湖,东莞城市分公司,东莞金域松湖服务站,东莞金域松湖15栋204,CN4419000101710F10108003X,4419001132014060000020102049,"渗漏,浴改淋",阳台漏水,渗水/返潮,,13316699172,业主,crm zze
东莞金域松湖,东莞城市分公司,东莞金域松湖服务站,东莞金域松湖15栋901,CN4419000101710F1010J0064,4419001132014060000020109017,"渗漏,浴改淋",卫生间漏水,渗水/返潮,,13922990716,业主,center crm zze
东莞金域松湖,东莞城市分公司,东莞金域松湖服务站,东莞金域松湖16栋2306,CN4419000101710H1010H0046,4419001132014070000040123063,"渗漏,浴改淋",厨房漏水,渗水/返潮,,15014753189,业主,crm zze
东莞金域松湖,东莞城市分公司,东莞金域松湖服务站,东莞金域松湖18栋1001,CN4419000101710D101020046,4419004012013040000100110013,"渗漏,浴改淋",阳台漏水,渗水/返潮,,13580850880,业主,crm zze
东莞金域松湖,东莞城市分公司,东莞金域松湖服务站,东莞金域松湖20栋302,CN441900010171101010D0070,4419004012013060000140103023,"渗漏,浴改淋",阳台漏水,渗水/返潮,,15377761179,业主,crm zze
东莞金域松湖,东莞城市分公司,东莞金域松湖服务站,东莞金域松湖20栋701,CN44190001017110101030025,4419004012013060000140107015,"渗漏,浴改淋","阳台漏水,卫生间漏水",渗水/返潮,,13620070280,业主,center crm zze
东莞金域松湖,东莞城市分公司,东莞金域松湖服务站,东莞金域松湖21栋1703,CN4419000101710W101070023,4419004012013110000010117039,"渗漏,浴改淋",厨房漏水,,D_三口之家,13922535129,业主,crm zze
东莞金域松湖,东莞城市分公司,东莞金域松湖服务站,东莞金域松湖21栋2002,CN4419000101710W101040019,4419004012013110000010120025,"渗漏,浴改淋",厨房漏水,渗水/返潮,,13828867970,业主,center crm zze
东莞金域松湖,东莞城市分公司,东莞金域松湖服务站,东莞金域松湖29栋301,CN4419000101710E101020040,4419001132014070000060103019,"渗漏,浴改淋",阳台漏水,渗水/返潮,,13580850586,业主,center crm zze
东莞金域松湖,东莞城市分公司,东莞金域松湖服务站,东莞金域松湖29栋904,CN4419000101710E101090022,4419001132014070000060109049,"渗漏,浴改淋",卫生间漏水,渗水/返潮,,15820838128,业主,center crm zze
东莞金域松湖,东莞城市分公司,东莞金域松湖服务站,东莞金域松湖4栋602,CN44190001017105101090080,4419004012012090000050106029,"渗漏,浴改淋",卫生间漏水,,D_三口之家,15362668136,业主,center crm zze
东莞金域松湖,东莞城市分公司,东莞金域松湖服务站,东莞金域松湖5栋1304,CN4419000101710V101050060,4419004012012090000040113043,"渗漏,浴改淋",阳台漏水,渗水/返潮,,13316675666,业主,center crm
东莞金域松湖,东莞城市分公司,东莞金域松湖服务站,东莞金域松湖7栋303,CN4419000101710U101080054,4419004012013090000010103033,"渗漏,浴改淋",卫生间漏水,渗水/返潮,,13925819333,业主,center crm zze
东莞金域松湖,东莞城市分公司,东莞金域松湖服务站,东莞金域松湖8栋306,CN4419000101710O1010N0059,4419004012013090000020103063,"渗漏,浴改淋",厨房漏水,,D_三口之家,13652606410,业主,center crm zze
东莞金域松湖,东莞城市分公司,东莞金域松湖服务站,东莞金域松湖9栋1001,CN44190001017104101050017,4419004012014110000010110013,"渗漏,浴改淋",厨房漏水,渗水/返潮,,13826954568,业主,center crm zze
深圳第五园,深圳城市分公司,深圳第五园服务站,深圳第五园一期G2栋4单元101,CN4403070101D11L102030011,4403070132005070000020401017,浴改淋,,渗水/返潮,,13902448986,业主,crm
深圳第五园,深圳城市分公司,深圳第五园服务站,深圳第五园一期G3栋2单元102,CN4403070101D11S101030011,4403070132005070000030201027,浴改淋,,墙面发霉,,13530728288,业主,center crm zze
深圳第五园,深圳城市分公司,深圳第五园服务站,深圳第五园一期G3栋2单元202,CN4403070101D11S101020024,4403070132005070000030202029,浴改淋,,,D_三口之家,13510027345,业主,crm zze
深圳第五园,深圳城市分公司,深圳第五园服务站,深圳第五园一期G4栋1单元202,CN4403070101D12G102010025,4403070132005070000040102029,浴改淋,,渗水/返潮,,13509615693,业主,crm
深圳第五园,深圳城市分公司,深圳第五园服务站,深圳第五园一期G4栋2单元101,CN4403070101D12G101030016,4403070132005070000040201017,浴改淋,,渗水/返潮,,13424180340,业主,center crm zze
深圳第五园,深圳城市分公司,深圳第五园服务站,深圳第五园一期M1栋1单元301,CN4403070101D120103060013,4403070132005070000050103015,浴改淋,,墙面发霉,,13699766853,业主,center crm zze
深圳第五园,深圳城市分公司,深圳第五园服务站,深圳第五园一期M2栋2单元202,CN4403070101D11R104030012,4403070132005070000060202025,浴改淋,,渗水/返潮,,15813870782,业主,center crm zze
深圳第五园,深圳城市分公司,深圳第五园服务站,深圳第五园一期M2栋6单元502,CN4403070101D11R10102002X,4403070132005070000060605029,浴改淋,,,D_三口之家,13682493076,业主,crm zze
深圳第五园,深圳城市分公司,深圳第五园服务站,深圳第五园一期M3栋1单元401,CN4403070101D11H105060023,4403070132005070000070104015,浴改淋,,渗水/返潮,,18938921101,业主,center crm zze
深圳第五园,深圳城市分公司,深圳第五园服务站,深圳第五园一期M3栋4单元501,CN4403070101D11H103040029,4403070132005070000070405019,浴改淋,,,A_三代同堂,13823581018,业主,crm
深圳第五园,深圳城市分公司,深圳第五园服务站,深圳第五园一期T1栋1单元104,CN4403070101D127101010014,4403070132005070000080101043,浴改淋,,渗水/返潮,,13602528392,业主,crm zze
深圳第五园,深圳城市分公司,深圳第五园服务站,深圳第五园一期T5栋1单元101,CN4403070101D12H101010052,4403070132005070000120101015,浴改淋,,渗水/返潮,,13420997096,业主,center
深圳第五园,深圳城市分公司,深圳第五园服务站,深圳第五园一期T5栋1单元105,CN4403070101D12H101010036,4403070132005070000120101057,浴改淋,,渗水/返潮,,13603063078,业主,center crm zze
深圳第五园,深圳城市分公司,深圳第五园服务站,深圳第五园一期T7栋2单元105,CN4403070101D12M102010014,4403070132005070000140201055,浴改淋,,渗水/返潮,,13530519621,业主,crm zze
深圳第五园,深圳城市分公司,深圳第五园服务站,深圳第五园一期T7栋3单元101,CN4403070101D12M101010020,4403070132005070000140301015,浴改淋,,墙面发霉,,13530151391,业主,center crm
深圳第五园,深圳城市分公司,深圳第五园服务站,深圳第五园三期G10栋2单元201,CN4403070101D122103030016,4403070132007040000140202015,浴改淋,,墙面发霉,,18938837537,业主,center crm zze
深圳第五园,深圳城市分公司,深圳第五园服务站,深圳第五园三期G4栋1单元201,CN4403070101D10F102020028,4403070132007040000090102017,浴改淋,,渗水/返潮,,13802577866,业主,center crm zze
深圳第五园,深圳城市分公司,深圳第五园服务站,深圳第五园三期G9栋2单元102,CN4403070101D12Y101010017,4403070132008030000010201029,浴改淋,,渗水/返潮,,13902973437,业主,center crm zze
深圳第五园,深圳城市分公司,深圳第五园服务站,深圳第五园三期H1栋3单元405,CN4403070101D1281020K0030,4403070132006100000030304053,浴改淋,,渗水/返潮,,19830903208,业主,crm zze
深圳第五园,深圳城市分公司,深圳第五园服务站,深圳第五园三期H2栋1单元502,CN4403070101D10E102040059,4403070132007040000150105023,浴改淋,,渗水/返潮,,13760232812,业主,crm zze
深圳第五园,深圳城市分公司,深圳第五园服务站,深圳第五园三期H2栋1单元505,CN4403070101D10E102040040,4403070132007040000150105057,浴改淋,,渗水/返潮,,13066889945,业主,center crm zze
深圳第五园,深圳城市分公司,深圳第五园服务站,深圳第五园三期H3栋2单元1201,CN4403070101D1341030G0023,4403070132007040000160212017,浴改淋,,渗水/返潮,,15018519768,业主,center crm zze
深圳第五园,深圳城市分公司,深圳第五园服务站,深圳第五园三期H3栋2单元306,CN4403070101D1341030F0060,4403070132007040000160203067,浴改淋,,渗水/返潮,,13509652527,业主,center crm zze
深圳第五园,深圳城市分公司,深圳第五园服务站,深圳第五园三期H3栋3单元201,CN4403070101D134101010028,4403070132007040000160302011,浴改淋,,渗水/返潮,,13051361232,业主,crm zze
深圳第五园,深圳城市分公司,深圳第五园服务站,深圳第五园二期G10栋2单元202,CN4403070101D11V101020028,4403070132005070000210202025,浴改淋,,渗水/返潮,,13544110002,业主,center crm zze
深圳第五园,深圳城市分公司,深圳第五园服务站,深圳第五园二期G3栋1单元102,CN4403070101D11N104010013,4403070132005070000150101025,浴改淋,,渗水/返潮,,18665333096,业主,center crm zze
深圳第五园,深圳城市分公司,深圳第五园服务站,深圳第五园二期G5栋3单元102,CN4403070101D12B101020018,4403070132005070000160301021,浴改淋,,渗水/返潮,,13602636983,业主,center crm zze
深圳第五园,深圳城市分公司,深圳第五园服务站,深圳第五园二期G6栋2单元302,CN4403070101D11P101030026,4403070132005070000170203027,浴改淋,,渗水/返潮,,13802203148,业主,crm zze
深圳第五园,深圳城市分公司,深圳第五园服务站,深圳第五园二期G8栋1单元201,CN4403070101D11U10201002X,4403070132005070000190102015,浴改淋,,墙面发霉,,13316955552,业主,center crm zze
深圳第五园,深圳城市分公司,深圳第五园服务站,深圳第五园二期G9栋1单元201,CN4403070101D11G102020021,4403070132005070000200102011,浴改淋,,渗水/返潮,,15818751388,业主,center crm zze
深圳第五园,深圳城市分公司,深圳第五园服务站,深圳第五园二期M4栋2单元202,CN4403070101D11M104050010,4403070132005070000220202027,浴改淋,,渗水/返潮,,13923756513,业主,center crm
深圳第五园,深圳城市分公司,深圳第五园服务站,深圳第五园二期M6栋3单元302,CN4403070101D11E10406001X,4403070132005070000240303021,浴改淋,,,A_三代同堂,13760270441,业主,center crm zze
深圳第五园,深圳城市分公司,深圳第五园服务站,深圳第五园二期M6栋5单元302,CN4403070101D11E102060024,4403070132005070000240503021,浴改淋,,渗水/返潮,,15818604460,业主,crm zze
深圳第五园,深圳城市分公司,深圳第五园服务站,深圳第五园二期M7栋1单元601,CN4403070101D10D10503002X,4403070132005070000250106013,浴改淋,,渗水/返潮,,13923480129,业主,center crm zze
深圳第五园,深圳城市分公司,深圳第五园服务站,深圳第五园二期M7栋4单元101,CN4403070101D10D106010020,4403070132005070000250401019,浴改淋,,渗水/返潮,,13689598811,业主,crm zze
深圳第五园,深圳城市分公司,深圳第五园服务站,深圳第五园二期M7栋4单元202,CN4403070101D10D106020018,4403070132005070000250402021,浴改淋,,,D_三口之家,15013870860,业主,center crm zze
深圳第五园,深圳城市分公司,深圳第五园服务站,深圳第五园二期M7栋5单元601,CN4403070101D10D101030014,4403070132005070000250506015,浴改淋,,渗水/返潮,,13316803575,业主,crm zze
深圳第五园,深圳城市分公司,深圳第五园服务站,深圳第五园二期M8栋1单元201,CN4403070101D11J101020023,4403070132005070000260102015,浴改淋,,,D_三口之家,13760482739,业主,crm zze
深圳第五园,深圳城市分公司,深圳第五园服务站,深圳第五园二期M8栋2单元101,CN4403070101D11J103060010,4403070132005070000260201013,浴改淋,,渗水/返潮,,13600439257,业主,crm
深圳第五园,深圳城市分公司,深圳第五园服务站,深圳第五园二期M8栋2单元301,CN4403070101D11J103040028,4403070132005070000260203011,浴改淋,,渗水/返潮,,18344025602,业主,center crm zze
深圳第五园,深圳城市分公司,深圳第五园服务站,深圳第五园二期M9栋1单元601,CN4403070101D10C102020024,4403070132005070000270106011,浴改淋,,渗水/返潮,,13798366451,业主,center crm
深圳第五园,深圳城市分公司,深圳第五园服务站,深圳第五园二期M9栋2单元601,CN4403070101D10C103020018,4403070132005070000270206011,浴改淋,,渗水/返潮,,13510239661,业主,center crm zze
深圳第五园,深圳城市分公司,深圳第五园服务站,深圳第五园二期M9栋6单元302,CN4403070101D10C101040015,4403070132005070000270603023,浴改淋,,渗水/返潮,,18123733513,业主,crm zze
深圳第五园,深圳城市分公司,深圳第五园服务站,深圳第五园二期T14栋1单元102,CN4403070101D12O101010038,4403070132005070000330101025,浴改淋,,渗水/返潮,,18676683188,业主,crm zze
深圳第五园,深圳城市分公司,深圳第五园服务站,深圳第五园二期T14栋1单元103,CN4403070101D12O101010011,4403070132005070000330101033,浴改淋,,渗水/返潮,,13902477756,业主,crm zze
深圳第五园,深圳城市分公司,深圳第五园服务站,深圳第五园二期T14栋2单元104,CN4403070101D12O102010064,4403070132005070000330201045,浴改淋,,渗水/返潮,,13501589449,业主,center crm zze
深圳第五园,深圳城市分公司,深圳第五园服务站,深圳第五园二期T16栋2单元104,CN4403070101D11O102010014,4403070132005070000350201049,浴改淋,,渗水/返潮,,18664909672,业主,crm zze
深圳第五园,深圳城市分公司,深圳第五园服务站,深圳第五园二期T17栋1单元104,CN4403070101D11Q10101002X,4403070132005070000360101045,浴改淋,,渗水/返潮,,13543328039,业主,center crm zze
深圳第五园,深圳城市分公司,深圳第五园服务站,深圳第五园二期T18栋1单元101,CN4403070101D119101010049,4403070132005070000370101015,浴改淋,,渗水/返潮,,18680390700,业主,crm
深圳第五园,深圳城市分公司,深圳第五园服务站,深圳第五园二期T20栋2单元101,CN4403070101D11A102010045,4403070132005070000390201013,浴改淋,,渗水/返潮,,18603054527,业主,crm zze
深圳第五园,深圳城市分公司,深圳第五园服务站,深圳第五园五期10栋1单元1703,CN4403070101D12R101080048,4403070132008090000100117033,浴改淋,,墙面发霉,,13417429491,业主,crm
深圳第五园,深圳城市分公司,深圳第五园服务站,深圳第五园五期12栋1单元117,CN4403070101D10A1010200FX,4403070132008090000120101175,浴改淋,,渗水/返潮,,13923721398,业主,crm
深圳第五园,深圳城市分公司,深圳第五园服务站,深圳第五园五期12栋1单元402,CN4403070101D10A1010B00D2,4403070132008090000120104029,浴改淋,,,B_多孩之家,13480654026,业主,center
深圳第五园,深圳城市分公司,深圳第五园服务站,深圳第五园五期12栋1单元703,CN4403070101D10A1010D0058,4403070132008090000120107035,浴改淋,,渗水/返潮,,13425130881,业主,center crm zze
深圳第五园,深圳城市分公司,深圳第五园服务站,深圳第五园五期12栋1单元705,CN4403070101D10A1010D0023,4403070132008090000120107051,浴改淋,,,D_三口之家,18025308080,业主,center crm zze
深圳第五园,深圳城市分公司,深圳第五园服务站,深圳第五园五期12栋1单元816,CN4403070101D10A101050097,4403070132008090000120108165,浴改淋,,渗水/返潮,,18453287976,业主,center crm zze
深圳第五园,深圳城市分公司,深圳第五园服务站,深圳第五园五期1栋1单元1303,CN4403070101D114101040018,4403070132008090000010113035,浴改淋,,渗水/返潮,,13600170618,业主,crm zze
深圳第五园,深圳城市分公司,深圳第五园服务站,深圳第五园五期2栋1单元1205,CN4403070101D1081010B0058,4403070132008090000020112055,浴改淋,,渗水/返潮,,13428988887,业主,crm
深圳第五园,深圳城市分公司,深圳第五园服务站,深圳第五园五期5栋1单元1106,CN4403070101D1321010A0028,4403070132008090000050111069,浴改淋,,,D_三口之家,15813735015,业主,center crm zze
深圳第五园,深圳城市分公司,深圳第五园服务站,深圳第五园五期5栋1单元1205,CN4403070101D1321010G0063,4403070132008090000050112053,浴改淋,,渗水/返潮,,13510803267,业主,center crm zze
深圳第五园,深圳城市分公司,深圳第五园服务站,深圳第五园五期6栋1单元501,CN4403070101D131101050018,4403070132008090000060105011,浴改淋,,渗水/返潮,,18929313305,业主,crm zze
深圳第五园,深圳城市分公司,深圳第五园服务站,深圳第五园五期7栋1单元403,CN4403070101D10M101080039,4403070132008090000070104035,浴改淋,,渗水/返潮,,18680396767,业主,crm zze
深圳第五园,深圳城市分公司,深圳第五园服务站,深圳第五园五期9栋1单元1705,CN4403070101D107101080057,4403070132008090000090117051,浴改淋,,渗水/返潮,,13603053409,业主,crm zze
深圳第五园,深圳城市分公司,深圳第五园服务站,深圳第五园五期9栋1单元1801,CN4403070101D107101040047,4403070132008090000090118013,浴改淋,,渗水/返潮,,18682269686,业主,center crm zze
深圳第五园,深圳城市分公司,深圳第五园服务站,深圳第五园五期9栋1单元701,CN4403070101D107101050018,4403070132008090000090107017,浴改淋,,渗水/返潮,,13316825533,业主,crm zze
深圳第五园,深圳城市分公司,深圳第五园服务站,深圳第五园八期1栋2单元102,CN4403070101D10V104020040,4403070132008060000010201021,浴改淋,,渗水/返潮,,13923709881,业主,center crm zze
深圳第五园,深圳城市分公司,深圳第五园服务站,深圳第五园八期3栋2单元301,CN4403070101D10O103020020,4403070132008060000030203015,浴改淋,,渗水/返潮,,13802701586,业主,center crm zze
深圳第五园,深圳城市分公司,深圳第五园服务站,深圳第五园八期3栋4单元104,CN4403070101D10O104010019,4403070132008060000030401045,浴改淋,,渗水/返潮,,13828740765,业主,center crm zze
深圳第五园,深圳城市分公司,深圳第五园服务站,深圳第五园八期4栋1单元1302,CN4403070101D1051010H0065,4403070132008060000040113029,浴改淋,,渗水/返潮,,15692008769,业主,center crm zze
深圳第五园,深圳城市分公司,深圳第五园服务站,深圳第五园八期4栋2单元2004,CN4403070101D1051020C0019,4403070132008060000040220049,浴改淋,,墙面发霉,,13723780205,业主,center crm zze
深圳第五园,深圳城市分公司,深圳第五园服务站,深圳第五园八期4栋2单元606,CN4403070101D1051020L0026,4403070132008060000040206069,浴改淋,,渗水/返潮,,15099904166,业主,center crm zze
深圳第五园,深圳城市分公司,深圳第五园服务站,深圳第五园八期4栋4单元101,CN4403070101D105103040017,4403070132008060000040401011,浴改淋,,渗水/返潮,,13538033216,业主,center crm zze
深圳第五园,深圳城市分公司,深圳第五园服务站,深圳第五园八期5栋1单元1203,CN4403070101D12P1020E0035,4403070132008060000050112033,浴改淋,,墙面发霉,,18665892436,业主,crm zze
深圳第五园,深圳城市分公司,深圳第五园服务站,深圳第五园八期5栋1单元1603,CN4403070101D12P102060015,4403070132008060000050116037,浴改淋,,,D_三口之家,13689500785,业主,center crm zze
深圳第五园,深圳城市分公司,深圳第五园服务站,深圳第五园八期5栋1单元703,CN4403070101D12P1020G0028,4403070132008060000050107031,浴改淋,,渗水/返潮,D_三口之家,13602679036,业主,center crm zze
深圳第五园,深圳城市分公司,深圳第五园服务站,深圳第五园八期5栋2单元1202,CN4403070101D12P1010E0017,4403070132008060000050212029,浴改淋,,渗水/返潮,,13902440541,业主,crm zze
深圳第五园,深圳城市分公司,深圳第五园服务站,深圳第五园八期5栋5单元118,CN4403070101D12P1030B0049,4403070132008060000050501185,浴改淋,,,D_三口之家,15813725096,业主,crm zze
深圳第五园,深圳城市分公司,深圳第五园服务站,深圳第五园八期6栋1单元1202,CN4403070101D12Z1020D0027,4403070132008060000060112021,浴改淋,,渗水/返潮,,15217732009,业主,center crm zze
深圳第五园,深圳城市分公司,深圳第五园服务站,深圳第五园八期6栋1单元1302,CN4403070101D12Z1020E0030,4403070132008060000060113025,浴改淋,,渗水/返潮,,18665326490,业主,center crm zze
深圳第五园,深圳城市分公司,深圳第五园服务站,深圳第五园八期6栋1单元1802,CN4403070101D12Z1020L0039,4403070132008060000060118027,浴改淋,,,C_二孩之家,13570862011,业主,center crm zze
深圳第五园,深圳城市分公司,深圳第五园服务站,深圳第五园八期6栋1单元301,CN4403070101D12Z1020H0037,4403070132008060000060103011,浴改淋,,渗水/返潮,,13802278129,业主,center crm zze
深圳第五园,深圳城市分公司,深圳第五园服务站,深圳第五园八期6栋2单元1202,CN4403070101D12Z1010D0033,4403070132008060000060212029,浴改淋,,渗水/返潮,,13510653546,业主,center crm zze
深圳第五园,深圳城市分公司,深圳第五园服务站,深圳第五园八期7栋1单元902,CN4403070101D10Y10103001X,4403070132008060000070109029,浴改淋,,渗水/返潮,,13502881686,业主,center crm zze
深圳第五园,深圳城市分公司,深圳第五园服务站,深圳第五园八期8栋1单元1301,CN4403070101D10J1010K0014,4403070132008060000080113013,浴改淋,,渗水/返潮,,18519861540,业主,center crm zze
深圳第五园,深圳城市分公司,深圳第五园服务站,深圳第五园八期8栋1单元502,CN4403070101D10J1010D0024,4403070132008060000080105021,浴改淋,,,D_三口之家,18092305120,业主,center crm zze
深圳第五园,深圳城市分公司,深圳第五园服务站,深圳第五园八期9栋1单元403,CN4403070101D101101040031,4403070132008060000090104037,浴改淋,,墙面发霉,,18682185225,业主,crm
深圳第五园,深圳城市分公司,深圳第五园服务站,深圳第五园六期1栋1单元105,CN4403070101D1131010M002X,4403070132009110000010101053,浴改淋,,渗水/返潮,,13714717899,业主,center crm
深圳第五园,深圳城市分公司,深圳第五园服务站,深圳第五园六期1栋1单元1601,CN4403070101D1131010C005X,4403070132009110000010116013,浴改淋,,渗水/返潮,,13751060050,业主,crm
深圳第五园,深圳城市分公司,深圳第五园服务站,深圳第五园六期3栋1单元1601,CN4403070101D109101010058,4403070132011110000020116011,浴改淋,,渗水/返潮,,18675568866,业主,center crm zze
深圳第五园,深圳城市分公司,深圳第五园服务站,深圳第五园六期3栋1单元905,CN4403070101D1091010M0052,4403070132011110000020109057,浴改淋,,渗水/返潮,,13417526855,业主,crm zze
深圳第五园,深圳城市分公司,深圳第五园服务站,深圳第五园六期4栋1单元103,CN4403070101D10P101030027,4403070132011110000030101039,浴改淋,,渗水/返潮,,13510072002,业主,center crm zze
深圳第五园,深圳城市分公司,深圳第五园服务站,深圳第五园六期4栋1单元801,CN4403070101D10P101050052,4403070132011110000030108013,浴改淋,,渗水/返潮,,13926505866,业主,center crm zze
深圳第五园,深圳城市分公司,深圳第五园服务站,深圳第五园六期5栋1单元511,CN4403070101D1151010100F0,4403070132011110000040105117,浴改淋,,渗水/返潮,,18098949307,业主,center crm zze
深圳第五园,深圳城市分公司,深圳第五园服务站,深圳第五园六期6栋1单元1107,CN4403070101D1041010400I8,4403070132011110000050111075,浴改淋,,,D_三口之家,18025336698,业主,center crm zze
深圳第五园,深圳城市分公司,深圳第五园服务站,深圳第五园六期6栋1单元1108,CN4403070101D104101040043,4403070132011110000050111083,浴改淋,,,D_三口之家,18025336698,业主,center crm zze
深圳第五园,深圳城市分公司,深圳第五园服务站,深圳第五园六期6栋1单元305,CN4403070101D1041010B00I6,4403070132011110000050103059,浴改淋,,渗水/返潮,,13632866878,业主,crm zze
深圳第五园,深圳城市分公司,深圳第五园服务站,深圳第五园四期1号楼1单元1105,CN4403070101D10R101070036,4403070132009050000010111057,浴改淋,,渗水/返潮,,15914091126,业主,center crm zze
深圳第五园,深圳城市分公司,深圳第五园服务站,深圳第五园四期1号楼1单元1407,CN4403070101D10R1010L0040,4403070132009050000010114071,浴改淋,,渗水/返潮,,13242923943,业主,center crm zze
深圳第五园,深圳城市分公司,深圳第五园服务站,深圳第五园四期2号楼1单元1102,CN4403070101D10T1010J0057,4403070132009050000020111029,浴改淋,,渗水/返潮,,18681590721,业主,center crm zze
深圳第五园,深圳城市分公司,深圳第五园服务站,深圳第五园四期2号楼1单元802,CN4403070101D10T1010A0015,4403070132009050000020108023,浴改淋,,渗水/返潮,,13925227457,业主,crm zze
深圳第五园,深圳城市分公司,深圳第五园服务站,深圳第五园四期3号楼1单元1106,CN4403070101D1031010F0081,4403070132009050000030111061,浴改淋,,渗水/返潮,,13422349447,业主,crm
深圳第五园,深圳城市分公司,深圳第五园服务站,深圳第五园四期3号楼1单元1108,CN4403070101D1031010F0049,4403070132009050000030111087,浴改淋,,渗水/返潮,,13728796615,业主,center crm zze
深圳第五园,深圳城市分公司,深圳第五园服务站,深圳第五园四期3号楼1单元1602,CN4403070101D1031010H0015,4403070132009050000030116023,浴改淋,,渗水/返潮,,18576707798,业主,center crm zze
深圳第五园,深圳城市分公司,深圳第五园服务站,深圳第五园四期3号楼1单元308,CN4403070101D103101010026,4403070132009050000030103087,浴改淋,,渗水/返潮,,13631578091,业主,center crm zze
深圳第五园,深圳城市分公司,深圳第五园服务站,深圳第五园四期3号楼1单元404,CN4403070101D103101020064,4403070132009050000030104049,浴改淋,,渗水/返潮,,18680362147,业主,center crm zze
深圳第五园,深圳城市分公司,深圳第五园服务站,深圳第五园四期3号楼1单元602,CN4403070101D1031010K0011,4403070132009050000030106027,浴改淋,,渗水/返潮,,15130930898,业主,center crm zze
深圳第五园,深圳城市分公司,深圳第五园服务站,深圳第五园四期4号楼1单元1004,CN4403070101D133101010015,4403070132009050000040110047,浴改淋,,渗水/返潮,,18202729864,业主,center crm zze
深圳第五园,深圳城市分公司,深圳第五园服务站,深圳第五园四期4号楼1单元1307,CN4403070101D133101030083,4403070132009050000040113071,浴改淋,,墙面发霉,,13926517362,业主,center crm zze
深圳第五园,深圳城市分公司,深圳第五园服务站,深圳第五园四期5号楼1单元1504,CN4403070101D10K1010D0029,4403070132009050000050115043,浴改淋,,墙面发霉,,15818653834,业主,center crm zze
深圳第五园,深圳城市分公司,深圳第五园服务站,深圳第五园四期5号楼1单元301,CN4403070101D10K1010C0015,4403070132009050000050103019,浴改淋,,渗水/返潮,,15622803864,业主,crm zze
深圳第五园,深圳城市分公司,深圳第五园服务站,深圳第五园四期6号楼1单元102,CN4403070101D10W1010B0022,4403070132009050000060101025,浴改淋,,渗水/返潮,,18603062183,业主,center crm zze
深圳第五园,深圳城市分公司,深圳第五园服务站,深圳第五园四期6号楼1单元902,CN4403070101D10W101030045,4403070132009050000060109029,浴改淋,,渗水/返潮,,13760317539,业主,crm
深圳第五园,深圳城市分公司,深圳第五园服务站,深圳第五园一期G1栋1单元302,CN4403070101D12A103040026,4403070132005070000010103025,渗漏,阳台漏水,,,18938061357,业主,center crm zze
深圳第五园,深圳城市分公司,深圳第五园服务站,深圳第五园一期G1栋2单元302,CN4403070101D12A102040024,4403070132005070000010203029,渗漏,厨房漏水,,,18688776464,业主,center crm zze
深圳第五园,深圳城市分公司,深圳第五园服务站,深圳第五园一期G1栋3单元301,CN4403070101D12A101040014,4403070132005070000010303019,渗漏,厨房漏水,,,13632861926,业主,center crm zze
深圳第五园,深圳城市分公司,深圳第五园服务站,深圳第五园一期G1栋4单元201,CN4403070101D12A104030014,4403070132005070000010402017,渗漏,厨房漏水,,,13590135170,业主,center crm zze
深圳第五园,深圳城市分公司,深圳第五园服务站,深圳第五园一期G3栋1单元302,CN4403070101D11S103010022,4403070132005070000030103025,渗漏,厨房漏水,,,13809880800,业主,center crm zze
深圳第五园,深圳城市分公司,深圳第五园服务站,深圳第五园一期G3栋2单元101,CN4403070101D11S10103002X,4403070132005070000030201019,渗漏,卫生间漏水,,,13502854318,业主,crm zze
深圳第五园,深圳城市分公司,深圳第五园服务站,深圳第五园一期G4栋1单元101,CN4403070101D12G102030018,4403070132005070000040101015,渗漏,厨房漏水,,,13828828905,业主,crm zze
深圳第五园,深圳城市分公司,深圳第五园服务站,深圳第五园一期G4栋1单元102,CN4403070101D12G102030026,4403070132005070000040101023,渗漏,卫生间漏水,,,13502870575,业主,crm
深圳第五园,深圳城市分公司,深圳第五园服务站,深圳第五园一期G4栋2单元201,CN4403070101D12G101010015,4403070132005070000040202019,渗漏,水管老化,,,13603023887,业主,crm
深圳第五园,深圳城市分公司,深圳第五园服务站,深圳第五园一期M1栋1单元302,CN4403070101D120103060021,4403070132005070000050103023,渗漏,阳台漏水,,,13428997767,业主,center crm zze
深圳第五园,深圳城市分公司,深圳第五园服务站,深圳第五园一期M1栋1单元502,CN4403070101D120103050026,4403070132005070000050105027,渗漏,厨房漏水,,,18938689216,业主,crm zze
深圳第五园,深圳城市分公司,深圳第五园服务站,深圳第五园一期M1栋2单元201,CN4403070101D120106030012,4403070132005070000050202013,渗漏,阳台漏水,,,13510864668,业主,crm zze
深圳第五园,深圳城市分公司,深圳第五园服务站,深圳第五园一期M1栋3单元502,CN4403070101D12010505002X,4403070132005070000050305021,渗漏,厨房漏水,,,18682230519,业主,crm zze
深圳第五园,深圳城市分公司,深圳第五园服务站,深圳第五园一期M1栋4单元301,CN4403070101D120104060023,4403070132005070000050403011,渗漏,卫生间漏水,,,15818692629,业主,crm zze
深圳第五园,深圳城市分公司,深圳第五园服务站,深圳第五园一期M1栋6单元101,CN4403070101D120101040027,4403070132005070000050601015,渗漏,厨房漏水,,,18038080520,业主,center
深圳第五园,深圳城市分公司,深圳第五园服务站,深圳第五园一期M1栋6单元401,CN4403070101D120101010012,4403070132005070000050604013,渗漏,厨房漏水,,,13554849134,业主,crm zze
深圳第五园,深圳城市分公司,深圳第五园服务站,深圳第五园一期M2栋1单元201,CN4403070101D11R102030019,4403070132005070000060102015,渗漏,阳台漏水,,,18938898247,业主,center crm zze
深圳第五园,深圳城市分公司,深圳第五园服务站,深圳第五园一期M2栋1单元501,CN4403070101D11R102020021,4403070132005070000060105017,渗漏,卫生间漏水,,,15220075958,业主,center crm zze
深圳第五园,深圳城市分公司,深圳第五园服务站,深圳第五园一期M2栋3单元201,CN4403070101D11R106030016,4403070132005070000060302017,渗漏,厨房漏水,,,13926513371,业主,center crm zze
深圳第五园,深圳城市分公司,深圳第五园服务站,深圳第五园一期M2栋5单元102,CN4403070101D11R103060017,4403070132005070000060501025,渗漏,卫生间漏水,,,13066880033,业主,crm zze
深圳第五园,深圳城市分公司,深圳第五园服务站,深圳第五园一期M2栋5单元502,CN4403070101D11R103020015,4403070132005070000060505025,渗漏,卫生间漏水,,,18664310127,业主,crm zze
深圳第五园,深圳城市分公司,深圳第五园服务站,深圳第五园一期M3栋2单元301,CN4403070101D11H106020015,4403070132005070000070203013,渗漏,卫生间漏水,,,18665878772,业主,crm zze
深圳第五园,深圳城市分公司,深圳第五园服务站,深圳第五园一期M3栋3单元501,CN4403070101D11H101040017,4403070132005070000070305011,渗漏,厨房漏水,,,13509613891,业主,center crm zze
深圳第五园,深圳城市分公司,深圳第五园服务站,深圳第五园一期M3栋4单元401,CN4403070101D11H10306002X,4403070132005070000070404017,渗漏,厨房漏水,,,13510531437,业主,center crm zze
深圳第五园,深圳城市分公司,深圳第五园服务站,深圳第五园一期M3栋5单元601,CN4403070101D11H104030017,4403070132005070000070506017,渗漏,厨房漏水,,,13725520886,业主,crm zze
深圳第五园,深圳城市分公司,深圳第五园服务站,深圳第五园一期T4栋1单元103,CN4403070101D12J101010027,4403070132005070000110101037,渗漏,厨房漏水,,,13602583722,业主,crm zze
深圳第五园,深圳城市分公司,深圳第五园服务站,深圳第五园一期T5栋1单元103,CN4403070101D12H101010044,4403070132005070000120101031,渗漏,卫生间漏水,,,13502813618,业主,crm zze
深圳第五园,深圳城市分公司,深圳第五园服务站,深圳第五园一期T6栋1单元101,CN4403070101D121101010068,4403070132005070000130101019,渗漏,厨房漏水,,,13808838808,业主,crm zze
深圳第五园,深圳城市分公司,深圳第五园服务站,深圳第五园一期T6栋1单元103,CN4403070101D121101010033,4403070132005070000130101035,渗漏,厨房漏水,,,13823312665,业主,center crm zze
深圳第五园,深圳城市分公司,深圳第五园服务站,深圳第五园一期T7栋3单元103,CN4403070101D12M101010055,4403070132005070000140301031,渗漏,卫生间漏水,,,13823703510,业主,crm zze
深圳第五园,深圳城市分公司,深圳第五园服务站,深圳第五园一期T7栋3单元105,CN4403070101D12M101010047,4403070132005070000140301057,渗漏,厨房漏水,,,13828704466,业主,center crm
深圳第五园,深圳城市分公司,深圳第五园服务站,深圳第五园三期A2栋1单元109,CN4403070101D129101010056,4403070132007040000020101093,渗漏,厨房漏水,,,13808858399,业主,center crm zze
深圳第五园,深圳城市分公司,深圳第五园服务站,深圳第五园三期A3栋1单元102,CN4403070101D12W101010093,4403070132007040000030101021,渗漏,厨房漏水,,,15818588688,业主,center crm zze
深圳第五园,深圳城市分公司,深圳第五园服务站,深圳第五园三期B1栋1单元106,CN4403070101D12Q1010200H7,4403070132007040000050101069,渗漏,卫生间漏水,,,18923468801,业主,crm
深圳第五园,深圳城市分公司,深圳第五园服务站,深圳第五园三期G11栋3单元101,CN4403070101D13010101002X,4403070132008030000020301015,渗漏,厨房漏水,,,18676674056,业主,crm zze
深圳第五园,深圳城市分公司,深圳第五园服务站,深圳第五园三期G6栋1单元301,CN4403070101D12L102020023,4403070132007040000110103015,渗漏,"阳台漏水,卫生间漏水",,,13603036868,业主,center crm zze
深圳第五园,深圳城市分公司,深圳第五园服务站,深圳第五园三期G7栋1单元201,CN4403070101D10H102020027,4403070132007040000120102015,渗漏,厨房漏水,,,13689557893,业主,center crm
深圳第五园,深圳城市分公司,深圳第五园服务站,深圳第五园三期G8栋1单元201,CN4403070101D124102030013,4403070132007040000130102019,渗漏,厨房漏水,,,13903020998,业主,center crm zze
深圳第五园,深圳城市分公司,深圳第五园服务站,深圳第五园三期H1栋1单元1102,CN4403070101D1281010P0052,4403070132006100000030111021,渗漏,阳台漏水,,,18922899225,业主,center crm zze
深圳第五园,深圳城市分公司,深圳第五园服务站,深圳第五园三期H1栋1单元1202,CN4403070101D1281010F004X,4403070132006100000030112025,渗漏,阳台漏水,,,13168726142,业主,center crm zze
深圳第五园,深圳城市分公司,深圳第五园服务站,深圳第五园三期H1栋2单元602,CN4403070101D1281030I0031,4403070132006100000030206021,渗漏,"阳台漏水,厨房漏水",,,13686869819,业主,center
深圳第五园,深圳城市分公司,深圳第五园服务站,深圳第五园三期H1栋3单元1101,CN4403070101D1281020P0054,4403070132006100000030311015,渗漏,阳台漏水,,,15625298413,业主,center crm zze
深圳第五园,深圳城市分公司,深圳第五园服务站,深圳第五园三期H1栋3单元1401,CN4403070101D128102050063,4403070132006100000030314017,渗漏,厨房漏水,,,13380788296,业主,crm
深圳第五园,深圳城市分公司,深圳第五园服务站,深圳第五园三期H1栋3单元501,CN4403070101D128102070048,4403070132006100000030305013,渗漏,厨房漏水,,,13631591316,业主,center crm zze
深圳第五园,深圳城市分公司,深圳第五园服务站,深圳第五园三期H2栋1单元1001,CN4403070101D10E102060041,4403070132007040000150110017,渗漏,厨房漏水,,,13923742342,业主,center crm zze
深圳第五园,深圳城市分公司,深圳第五园服务站,深圳第五园三期H2栋1单元1501,CN4403070101D10E1020N001X,4403070132007040000150115019,渗漏,阳台漏水,,,13691898606,业主,crm zze
深圳第五园,深圳城市分公司,深圳第五园服务站,深圳第五园三期H2栋2单元1202,CN4403070101D10E103050056,4403070132007040000150212021,渗漏,厨房漏水,,,13602605148,业主,center crm zze
深圳第五园,深圳城市分公司,深圳第五园服务站,深圳第五园三期H2栋2单元1506,CN4403070101D10E1030N002X,4403070132007040000150215063,渗漏,厨房漏水,,,13143452997,业主,center crm zze
深圳第五园,深圳城市分公司,深圳第五园服务站,深圳第五园三期H2栋2单元1602,CN4403070101D10E1030E0055,4403070132007040000150216025,渗漏,阳台漏水,,,13798598916,业主,crm
深圳第五园,深圳城市分公司,深圳第五园服务站,深圳第五园三期H2栋2单元406,CN4403070101D10E103070030,4403070132007040000150204063,渗漏,厨房漏水,,,13723738983,业主,center crm zze
深圳第五园,深圳城市分公司,深圳第五园服务站,深圳第五园三期H2栋3单元406,CN4403070101D10E101070053,4403070132007040000150304067,渗漏,厨房漏水,,,18682392906,业主,crm zze
深圳第五园,深圳城市分公司,深圳第五园服务站,深圳第五园三期H3栋1单元1001,CN4403070101D134102050056,4403070132007040000160110019,渗漏,厨房漏水,,,13714044761,业主,center
深圳第五园,深圳城市分公司,深圳第五园服务站,深圳第五园三期H3栋1单元1006,CN4403070101D134102050064,4403070132007040000160110069,渗漏,厨房漏水,,,13509664870,业主,center crm zze
深圳第五园,深圳城市分公司,深圳第五园服务站,深圳第五园三期H3栋1单元1206,CN4403070101D1341020G0048,4403070132007040000160112065,渗漏,卫生间漏水,,,15899767204,业主,center zze
深圳第五园,深圳城市分公司,深圳第五园服务站,深圳第五园三期H3栋1单元301,CN4403070101D1341020F0069,4403070132007040000160103013,渗漏,厨房漏水,,,15817359321,业主,center crm
深圳第五园,深圳城市分公司,深圳第五园服务站,深圳第五园三期H3栋1单元606,CN4403070101D1341020C0062,4403070132007040000160106063,渗漏,阳台漏水,,,13418930089,业主,center crm zze
深圳第五园,深圳城市分公司,深圳第五园服务站,深圳第五园三期H3栋1单元706,CN4403070101D1341020E0063,4403070132007040000160107067,渗漏,厨房漏水,,,13510143686,业主,center crm zze
深圳第五园,深圳城市分公司,深圳第五园服务站,深圳第五园三期H3栋2单元1402,CN4403070101D134103020027,4403070132007040000160214029,渗漏,卫生间漏水,,,13510293001,业主,crm zze
深圳第五园,深圳城市分公司,深圳第五园服务站,深圳第五园三期H3栋3单元1006,CN4403070101D134101050046,4403070132007040000160310061,渗漏,卫生间漏水,,,13480970370,业主,center crm zze
深圳第五园,深圳城市分公司,深圳第五园服务站,深圳第五园三期H3栋3单元1306,CN4403070101D134101040059,4403070132007040000160313069,渗漏,卫生间漏水,,,13530092050,业主,center crm
深圳第五园,深圳城市分公司,深圳第五园服务站,深圳第五园三期H3栋3单元204,CN4403070101D13410101001X,4403070132007040000160302045,渗漏,厨房漏水,,,18676700869,业主,center crm zze
深圳第五园,深圳城市分公司,深圳第五园服务站,深圳第五园三期H3栋3单元405,CN4403070101D1341010I0012,4403070132007040000160304059,渗漏,厨房漏水,,,13713965032,业主,center
深圳第五园,深圳城市分公司,深圳第五园服务站,深圳第五园三期独立商铺独立01商铺1单元105,CN4403070101D11610101007X,4403070132007040000170101053,渗漏,厨房漏水,,,13823775745,业主,center
深圳第五园,深圳城市分公司,深圳第五园服务站,深圳第五园二期G10栋3单元201,CN4403070101D11V10202002X,4403070132005070000210302017,渗漏,厨房漏水,,,13902945971,业主,center crm zze
深圳第五园,深圳城市分公司,深圳第五园服务站,深圳第五园二期G2栋2单元201,CN4403070101D11C104010013,4403070132006100000020202011,渗漏,厨房漏水,,,13602530648,业主,crm
深圳第五园,深圳城市分公司,深圳第五园服务站,深圳第五园二期G6栋2单元301,CN4403070101D11P101030018,4403070132005070000170203019,渗漏,厨房漏水,,,13502819074,业主,center crm zze
深圳第五园,深圳城市分公司,深圳第五园服务站,深圳第五园二期G7栋1单元302,CN4403070101D125102020012,4403070132005070000180103021,渗漏,阳台漏水,,,13509650111,业主,center crm zze
深圳第五园,深圳城市分公司,深圳第五园服务站,深圳第五园二期G7栋2单元202,CN4403070101D125101030024,4403070132005070000180202021,渗漏,厨房漏水,,,13502880516,业主,center crm zze
深圳第五园,深圳城市分公司,深圳第五园服务站,深圳第五园二期G8栋3单元302,CN4403070101D11U101020023,4403070132005070000190303027,渗漏,厨房漏水,,,13510001612,业主,center crm zze
深圳第五园,深圳城市分公司,深圳第五园服务站,深圳第五园二期G9栋3单元101,CN4403070101D11G103030029,4403070132005070000200301011,渗漏,"卫生间漏水,厨房漏水",,,13686892919,业主,crm zze
深圳第五园,深圳城市分公司,深圳第五园服务站,深圳第五园二期G9栋3单元201,CN4403070101D11G103020015,4403070132005070000200302015,渗漏,厨房漏水,,,13760188008,业主,center crm zze
深圳第五园,深圳城市分公司,深圳第五园服务站,深圳第五园二期G9栋3单元301,CN4403070101D11G10301001X,4403070132005070000200303017,渗漏,厨房漏水,,,13312929006,业主,crm zze
深圳第五园,深圳城市分公司,深圳第五园服务站,深圳第五园二期M4栋1单元501,CN4403070101D11M103040013,4403070132005070000220105017,渗漏,卫生间漏水,,,13632662686,业主,center crm zze
深圳第五园,深圳城市分公司,深圳第五园服务站,深圳第五园二期M4栋2单元402,CN4403070101D11M104060024,4403070132005070000220204023,渗漏,阳台漏水,,,13751197569,业主,crm
深圳第五园,深圳城市分公司,深圳第五园服务站,深圳第五园二期M4栋2单元601,CN4403070101D11M10403001X,4403070132005070000220206013,渗漏,厨房漏水,,,13925241497,业主,crm zze
深圳第五园,深圳城市分公司,深圳第五园服务站,深圳第五园二期M5栋2单元102,CN4403070101D11K103040014,4403070132005070000230201029,渗漏,厨房漏水,,,18665888811,业主,crm zze
深圳第五园,深圳城市分公司,深圳第五园服务站,深圳第五园二期M5栋2单元402,CN4403070101D11K103010026,4403070132005070000230204027,渗漏,阳台漏水,阳台老化,,15019418291,业主,center crm zze
深圳第五园,深圳城市分公司,深圳第五园服务站,深圳第五园二期M6栋1单元101,CN4403070101D11E106050018,4403070132005070000240101013,渗漏,厨房漏水,,,13828865751,业主,center crm zze
深圳第五园,深圳城市分公司,深圳第五园服务站,深圳第五园二期M6栋1单元501,CN4403070101D11E106010016,4403070132005070000240105015,渗漏,阳台漏水,,,13510380072,业主,center crm zze
深圳第五园,深圳城市分公司,深圳第五园服务站,深圳第五园二期M6栋1单元601,CN4403070101D11E10602002X,4403070132005070000240106017,渗漏,阳台漏水,,,13043472480,业主,center
深圳第五园,深圳城市分公司,深圳第五园服务站,深圳第五园二期M6栋1单元602,CN4403070101D11E106020011,4403070132005070000240106025,渗漏,厨房漏水,,,13652377018,业主,center crm zze
深圳第五园,深圳城市分公司,深圳第五园服务站,深圳第五园二期M6栋2单元101,CN4403070101D11E103050012,4403070132005070000240201015,渗漏,厨房漏水,,,13613090320,业主,center crm zze
深圳第五园,深圳城市分公司,深圳第五园服务站,深圳第五园二期M6栋2单元402,CN4403070101D11E103030011,4403070132005070000240204021,渗漏,厨房漏水,,,13828730720,业主,center crm zze
深圳第五园,深圳城市分公司,深圳第五园服务站,深圳第五园二期M6栋3单元201,CN4403070101D11E104040027,4403070132005070000240302011,渗漏,厨房漏水,,,18688921251,业主,center crm zze
深圳第五园,深圳城市分公司,深圳第五园服务站,深圳第五园二期M6栋4单元201,CN4403070101D11E105040010,4403070132005070000240402019,渗漏,厨房漏水,,,13077883338,业主,center crm zze
深圳第五园,深圳城市分公司,深圳第五园服务站,深圳第五园二期M6栋4单元501,CN4403070101D11E105010014,4403070132005070000240405017,渗漏,厨房漏水,,,18925248992,业主,crm zze
深圳第五园,深圳城市分公司,深圳第五园服务站,深圳第五园二期M6栋5单元401,CN4403070101D11E10203001X,4403070132005070000240504015,渗漏,厨房漏水,,,18902857474,业主,center crm zze
深圳第五园,深圳城市分公司,深圳第五园服务站,深圳第五园二期M7栋3单元502,CN4403070101D10D104060024,4403070132005070000250305027,渗漏,水管老化,,,13510602716,业主,crm zze
深圳第五园,深圳城市分公司,深圳第五园服务站,深圳第五园二期M7栋3单元601,CN4403070101D10D104030028,4403070132005070000250306013,渗漏,厨房漏水,,,13424396021,业主,crm zze
深圳第五园,深圳城市分公司,深圳第五园服务站,深圳第五园二期M7栋3单元602,CN4403070101D10D10403001X,4403070132005070000250306021,渗漏,厨房漏水,,,18688719688,业主,crm zze
深圳第五园,深圳城市分公司,深圳第五园服务站,深圳第五园二期M7栋4单元201,CN4403070101D10D106020026,4403070132005070000250402013,渗漏,阳台漏水,,,18038153919,业主,crm
深圳第五园,深圳城市分公司,深圳第五园服务站,深圳第五园二期M7栋5单元401,CN4403070101D10D101040028,4403070132005070000250504019,渗漏,厨房漏水,,,13823762750,业主,crm zze
深圳第五园,深圳城市分公司,深圳第五园服务站,深圳第五园二期M7栋5单元502,CN4403070101D10D101060029,4403070132005070000250505021,渗漏,厨房漏水,,,15602951025,业主,center crm zze
深圳第五园,深圳城市分公司,深圳第五园服务站,深圳第五园二期M8栋1单元102,CN4403070101D11J101060017,4403070132005070000260101029,渗漏,厨房漏水,,,13713954163,业主,crm
深圳第五园,深圳城市分公司,深圳第五园服务站,深圳第五园二期M8栋2单元201,CN4403070101D11J103020027,4403070132005070000260202015,渗漏,阳台漏水,,,13590308215,业主,center crm zze
深圳第五园,深圳城市分公司,深圳第五园服务站,深圳第五园二期M8栋2单元302,CN4403070101D11J10304001X,4403070132005070000260203029,渗漏,厨房漏水,,,13686811826,业主,center crm zze
深圳第五园,深圳城市分公司,深圳第五园服务站,深圳第五园二期M8栋2单元501,CN4403070101D11J103010013,4403070132005070000260205017,渗漏,阳台漏水,,,13760237133,业主,center crm zze
深圳第五园,深圳城市分公司,深圳第五园服务站,深圳第五园二期M8栋2单元601,CN4403070101D11J103050023,4403070132005070000260206019,渗漏,阳台漏水,,,13632673400,业主,center
深圳第五园,深圳城市分公司,深圳第五园服务站,深圳第五园二期M8栋3单元102,CN4403070101D11J104060020,4403070132005070000260301021,渗漏,厨房漏水,,,13713949888,业主,center crm zze
深圳第五园,深圳城市分公司,深圳第五园服务站,深圳第五园二期M8栋4单元201,CN4403070101D11J102020025,4403070132005070000260402017,渗漏,卫生间漏水,,,15210040155,业主,crm
深圳第五园,深圳城市分公司,深圳第五园服务站,深圳第五园二期M8栋4单元202,CN4403070101D11J102020017,4403070132005070000260402025,渗漏,卫生间漏水,,,18565625701,业主,center crm zze
深圳第五园,深圳城市分公司,深圳第五园服务站,深圳第五园二期M8栋4单元501,CN4403070101D11J102010011,4403070132005070000260405015,渗漏,厨房漏水,,,15671219513,业主,center crm zze
深圳第五园,深圳城市分公司,深圳第五园服务站,深圳第五园二期M8栋4单元502,CN4403070101D11J10201002X,4403070132005070000260405023,渗漏,阳台漏水,,,13632711802,业主,crm zze
深圳第五园,深圳城市分公司,深圳第五园服务站,深圳第五园二期M9栋1单元502,CN4403070101D10C102010029,4403070132005070000270105023,渗漏,厨房漏水,,,18675519706,业主,center crm zze
深圳第五园,深圳城市分公司,深圳第五园服务站,深圳第五园二期M9栋1单元602,CN4403070101D10C102020016,4403070132005070000270106029,渗漏,卫生间漏水,,,15013865072,业主,crm zze
深圳第五园,深圳城市分公司,深圳第五园服务站,深圳第五园二期M9栋2单元602,CN4403070101D10C103020026,4403070132005070000270206029,渗漏,"阳台漏水,厨房漏水",,,13006604500,业主,center zze
深圳第五园,深圳城市分公司,深圳第五园服务站,深圳第五园二期M9栋3单元101,CN4403070101D10C10605001X,4403070132005070000270301017,渗漏,阳台漏水,,,13602326600,业主,center crm zze
深圳第五园,深圳城市分公司,深圳第五园服务站,深圳第五园二期M9栋3单元202,CN4403070101D10C106030019,4403070132005070000270302027,渗漏,"卫生间漏水,阳台漏水",,,13632624326,业主,crm zze
深圳第五园,深圳城市分公司,深圳第五园服务站,深圳第五园二期M9栋4单元202,CN4403070101D10C104030023,4403070132005070000270402027,渗漏,厨房漏水,,,18688705033,业主,crm zze
深圳第五园,深圳城市分公司,深圳第五园服务站,深圳第五园二期M9栋5单元102,CN4403070101D10C105050018,4403070132005070000270501029,渗漏,厨房漏水,,,15889646432,业主,crm
深圳第五园,深圳城市分公司,深圳第五园服务站,深圳第五园二期M9栋5单元401,CN4403070101D10C105060013,4403070132005070000270504019,渗漏,厨房漏水,,,18939661035,业主,crm
深圳第五园,深圳城市分公司,深圳第五园服务站,深圳第五园二期M9栋6单元101,CN4403070101D10C101050029,4403070132005070000270601019,渗漏,卫生间漏水,,,13823338077,业主,center
深圳第五园,深圳城市分公司,深圳第五园服务站,深圳第五园二期M9栋6单元102,CN4403070101D10C101050010,4403070132005070000270601027,渗漏,厨房漏水,,,13798408802,业主,crm
深圳第五园,深圳城市分公司,深圳第五园服务站,深圳第五园二期T13栋1单元103,CN4403070101D12F101010045,4403070132005070000320101039,渗漏,阳台漏水,,,13828786318,业主,center crm zze
深圳第五园,深圳城市分公司,深圳第五园服务站,深圳第五园二期T14栋2单元106,CN4403070101D12O102010013,4403070132005070000330201061,渗漏,卫生间漏水,,,13316967530,业主,center crm zze
深圳第五园,深圳城市分公司,深圳第五园服务站,深圳第五园二期T15栋1单元101,CN4403070101D12C101010084,4403070132005070000340101011,渗漏,阳台漏水,,,18814483546,业主,center crm zze
深圳第五园,深圳城市分公司,深圳第五园服务站,深圳第五园二期T15栋1单元108,CN4403070101D12C101010017,4403070132005070000340101087,渗漏,厨房漏水,,,18988780066,业主,center crm zze
深圳第五园,深圳城市分公司,深圳第五园服务站,深圳第五园二期T16栋1单元102,CN4403070101D11O101010020,4403070132005070000350101023,渗漏,厨房漏水,,,13924600207,业主,crm zze
深圳第五园,深圳城市分公司,深圳第五园服务站,深圳第五园二期T16栋1单元104,CN4403070101D11O101010012,4403070132005070000350101049,渗漏,厨房漏水,,,13600147666,业主,crm zze
深圳第五园,深圳城市分公司,深圳第五园服务站,深圳第五园二期T16栋2单元102,CN4403070101D11O102010022,4403070132005070000350201023,渗漏,"厨房漏水,卫生间漏水",,,13537686007,业主,center crm zze
深圳第五园,深圳城市分公司,深圳第五园服务站,深圳第五园二期T17栋1单元102,CN4403070101D11Q101010011,4403070132005070000360101029,渗漏,厨房漏水,,,13802259737,业主,crm
深圳第五园,深圳城市分公司,深圳第五园服务站,深圳第五园二期T19栋1单元101,CN4403070101D11X102020029,4403070132005070000380101019,渗漏,阳台漏水,,,13686888058,业主,center crm zze
深圳第五园,深圳城市分公司,深圳第五园服务站,深圳第五园二期T19栋1单元106,CN4403070101D11X102020045,4403070132005070000380101069,渗漏,厨房漏水,,,13602624813,业主,center crm zze
深圳第五园,深圳城市分公司,深圳第五园服务站,深圳第五园二期T19栋2单元101,CN4403070101D11X101020051,4403070132005070000380201019,渗漏,卫生间漏水,,,15989869208,业主,center crm zze
深圳第五园,深圳城市分公司,深圳第五园服务站,深圳第五园二期T19栋2单元103,CN4403070101D11X101020019,4403070132005070000380201035,渗漏,厨房漏水,,,13902942193,业主,center crm zze
深圳第五园,深圳城市分公司,深圳第五园服务站,深圳第五园二期T21栋1单元104,CN4403070101D123101010016,4403070132005070000400101047,渗漏,厨房漏水,,,13902982759,业主,center crm zze
深圳第五园,深圳城市分公司,深圳第五园服务站,深圳第五园二期T23栋1单元102,CN4403070101D11W101010035,4403070132005070000420101029,渗漏,厨房漏水,,,15817396589,业主,center crm zze
深圳第五园,深圳城市分公司,深圳第五园服务站,深圳第五园二期T23栋1单元104,CN4403070101D11W101010027,4403070132005070000420101045,渗漏,卫生间漏水,,,13802294578,业主,crm zze
深圳第五园,深圳城市分公司,深圳第五园服务站,深圳第五园二期T28栋2单元106,CN4403070101D12T103020013,4403070132005070000470201063,渗漏,厨房漏水,,,13802240877,业主,center crm zze
深圳第五园,深圳城市分公司,深圳第五园服务站,深圳第五园五期10栋1单元603,CN4403070101D12R101090019,4403070132008090000100106035,渗漏,厨房漏水,,,18922875225,业主,center crm zze
深圳第五园,深圳城市分公司,深圳第五园服务站,深圳第五园五期10栋1单元905,CN4403070101D12R1010E0040,4403070132008090000100109059,渗漏,卫生间漏水,,,13682571141,业主,center crm zze
深圳第五园,深圳城市分公司,深圳第五园服务站,深圳第五园五期11栋1单元1001,CN4403070101D10G101030026,4403070132008090000110110019,渗漏,厨房漏水,,,13828809501,业主,zze
深圳第五园,深圳城市分公司,深圳第五园服务站,深圳第五园五期11栋1单元1003,CN4403070101D10G101030018,4403070132008090000110110035,渗漏,阳台漏水,,,13923423808,业主,center crm zze
深圳第五园,深圳城市分公司,深圳第五园服务站,深圳第五园五期11栋1单元102,CN4403070101D10G101070028,4403070132008090000110101017,渗漏,"卫生间漏水,厨房漏水",,,13788502220,业主,crm
深圳第五园,深圳城市分公司,深圳第五园服务站,深圳第五园五期11栋1单元1101,CN4403070101D10G1010I0036,4403070132008090000110111011,渗漏,厨房漏水,,,13692230303,业主,crm zze
深圳第五园,深圳城市分公司,深圳第五园服务站,深圳第五园五期11栋1单元1103,CN4403070101D10G1010I0028,4403070132008090000110111037,渗漏,厨房漏水,,,18320923080,业主,crm zze
深圳第五园,深圳城市分公司,深圳第五园服务站,深圳第五园五期11栋1单元1703,CN4403070101D10G1010A0024,4403070132008090000110117037,渗漏,厨房漏水,,,13925139215,业主,center crm zze
深圳第五园,深圳城市分公司,深圳第五园服务站,深圳第五园五期11栋1单元502,CN4403070101D10G1010M002X,4403070132008090000110105025,渗漏,卫生间漏水,,,13632753301,业主,center crm zze
深圳第五园,深圳城市分公司,深圳第五园服务站,深圳第五园五期11栋1单元503,CN4403070101D10G1010M0011,4403070132008090000110105033,渗漏,阳台漏水,,,13823375802,业主,zze
深圳第五园,深圳城市分公司,深圳第五园服务站,深圳第五园五期11栋1单元601,CN4403070101D10G1010K0037,4403070132008090000110106019,渗漏,厨房漏水,,,13925270654,业主,center crm zze
深圳第五园,深圳城市分公司,深圳第五园服务站,深圳第五园五期12栋1单元1015,CN4403070101D10A101030037,4403070132008090000120110151,渗漏,阳台漏水,,,15814479707,业主,center crm zze
深圳第五园,深圳城市分公司,深圳第五园服务站,深圳第五园五期12栋1单元1205,CN4403070101D10A1010900F8,4403070132008090000120112053,渗漏,厨房漏水,,,13510633281,业主,center crm zze
深圳第五园,深圳城市分公司,深圳第五园服务站,深圳第五园五期12栋1单元205,CN4403070101D10A1010C0095,4403070132008090000120102055,渗漏,厨房漏水,,,15219482943,业主,center crm
深圳第五园,深圳城市分公司,深圳第五园服务站,深圳第五园五期12栋1单元213,CN4403070101D10A1010C00G2,4403070132008090000120102135,渗漏,厨房漏水,,,13424265373,业主,center crm zze
深圳第五园,深圳城市分公司,深圳第五园服务站,深圳第五园五期12栋1单元216,CN4403070101D10A1010C00J7,4403070132008090000120102169,渗漏,厨房漏水,,,18688942026,业主,center crm zze
深圳第五园,深圳城市分公司,深圳第五园服务站,深圳第五园五期12栋1单元311,CN4403070101D10A1010400H7,4403070132008090000120103111,渗漏,厨房漏水,,,13603018099,业主,center crm zze
深圳第五园,深圳城市分公司,深圳第五园服务站,深圳第五园五期12栋1单元618,CN4403070101D10A1010600F1,4403070132008090000120106189,渗漏,阳台漏水,,,18666203951,业主,center crm zze
深圳第五园,深圳城市分公司,深圳第五园服务站,深圳第五园五期12栋1单元903,CN4403070101D10A1010800BX,4403070132008090000120109031,渗漏,"厨房漏水,阳台漏水",,,13714162400,业主,center crm zze
深圳第五园,深圳城市分公司,深圳第五园服务站,深圳第五园五期1栋1单元1201,CN4403070101D1141010H0051,4403070132008090000010112017,渗漏,阳台漏水,,,13316536678,业主,crm
深圳第五园,深圳城市分公司,深圳第五园服务站,深圳第五园五期2栋1单元1001,CN4403070101D108101090057,4403070132008090000020110015,渗漏,厨房漏水,,,13510286131,业主,center crm zze
深圳第五园,深圳城市分公司,深圳第五园服务站,深圳第五园五期2栋1单元1403,CN4403070101D108101040017,4403070132008090000020114035,渗漏,厨房漏水,,,18928128638,业主,crm
深圳第五园,深圳城市分公司,深圳第五园服务站,深圳第五园五期2栋1单元905,CN4403070101D108101020016,4403070132008090000020109059,渗漏,厨房漏水,,,13828847355,业主,center crm zze
深圳第五园,深圳城市分公司,深圳第五园服务站,深圳第五园五期3栋1单元1301,CN4403070101D10S101040018,4403070132008090000030113017,渗漏,厨房漏水,,,13823243311,业主,crm zze
深圳第五园,深圳城市分公司,深圳第五园服务站,深圳第五园五期3栋1单元405,CN4403070101D10S10106006X,4403070132008090000030104057,渗漏,厨房漏水,,,13828793148,业主,center crm zze
深圳第五园,深圳城市分公司,深圳第五园服务站,深圳第五园五期3栋1单元701,CN4403070101D10S101010046,4403070132008090000030107013,渗漏,卫生间漏水,卫生间老化,,15889616863,业主,center crm zze
深圳第五园,深圳城市分公司,深圳第五园服务站,深圳第五园五期4栋1单元1501,CN4403070101D12X1010F0051,4403070132008090000040115019,渗漏,厨房漏水,,,13724206872,业主,center crm zze
深圳第五园,深圳城市分公司,深圳第五园服务站,深圳第五园五期4栋1单元203,CN4403070101D12X101030013,4403070132008090000040102013,渗漏,厨房漏水,,,15999599337,业主,center crm zze
深圳第五园,深圳城市分公司,深圳第五园服务站,深圳第五园五期4栋1单元303,CN4403070101D12X1010C0047,4403070132008090000040103015,渗漏,厨房漏水,,,13543281380,业主,center crm zze
深圳第五园,深圳城市分公司,深圳第五园服务站,深圳第五园五期4栋1单元403,CN4403070101D12X101050014,4403070132008090000040104037,渗漏,"阳台漏水,卫生间漏水",,,13510683350,业主,center crm zze
深圳第五园,深圳城市分公司,深圳第五园服务站,深圳第五园五期4栋1单元503,CN4403070101D12X10104006X,4403070132008090000040105039,渗漏,厨房漏水,,,13684927115,业主,center crm zze
深圳第五园,深圳城市分公司,深圳第五园服务站,深圳第五园五期5栋1单元1605,CN4403070101D132101040017,4403070132008090000050116055,渗漏,厨房漏水,,,13808855817,业主,crm zze
深圳第五园,深圳城市分公司,深圳第五园服务站,深圳第五园五期5栋1单元1701,CN4403070101D1321010F0017,4403070132008090000050117015,渗漏,卫生间漏水,,,13713862710,业主,center crm zze
深圳第五园,深圳城市分公司,深圳第五园服务站,深圳第五园五期5栋1单元303,CN4403070101D1321010L001X,4403070132008090000050103019,渗漏,阳台漏水,,,13534123506,业主,crm zze
深圳第五园,深圳城市分公司,深圳第五园服务站,深圳第五园五期5栋1单元403,CN4403070101D132101050047,4403070132008090000050104037,渗漏,厨房漏水,,,15889502203,业主,center crm zze
深圳第五园,深圳城市分公司,深圳第五园服务站,深圳第五园五期5栋1单元705,CN4403070101D1321010D0059,4403070132008090000050107051,渗漏,厨房漏水,,,13924633306,业主,center crm zze
深圳第五园,深圳城市分公司,深圳第五园服务站,深圳第五园五期6栋1单元1104,CN4403070101D13110106003X,4403070132008090000060111047,渗漏,阳台漏水,,,13500056306,业主,crm
深圳第五园,深圳城市分公司,深圳第五园服务站,深圳第五园五期6栋1单元1405,CN4403070101D1311010D0054,4403070132008090000060114055,渗漏,厨房漏水,,,13530162279,业主,crm zze
深圳第五园,深圳城市分公司,深圳第五园服务站,深圳第五园五期6栋1单元1703,CN4403070101D131101070027,4403070132008090000060117037,渗漏,厨房漏水,,,13723456756,业主,crm zze
深圳第五园,深圳城市分公司,深圳第五园服务站,深圳第五园五期6栋1单元401,CN4403070101D131101010024,4403070132008090000060104015,渗漏,卫生间漏水,,,13556868804,业主,center crm zze
深圳第五园,深圳城市分公司,深圳第五园服务站,深圳第五园五期7栋1单元1003,CN4403070101D10M1010B0043,4403070132008090000070110031,渗漏,厨房漏水,,,15019273060,业主,center zze
深圳第五园,深圳城市分公司,深圳第五园服务站,深圳第五园五期7栋1单元1505,CN4403070101D10M1010C0049,4403070132008090000070115053,渗漏,厨房漏水,,,13302450388,业主,center crm zze
深圳第五园,深圳城市分公司,深圳第五园服务站,深圳第五园五期7栋1单元1903,CN4403070101D10M101030023,4403070132008090000070119037,渗漏,厨房漏水,,,15900790375,业主,center zze
深圳第五园,深圳城市分公司,深圳第五园服务站,深圳第五园五期7栋1单元401,CN4403070101D10M101080063,4403070132008090000070104019,渗漏,阳台漏水,,,13922806111,业主,crm zze
深圳第五园,深圳城市分公司,深圳第五园服务站,深圳第五园五期7栋1单元503,CN4403070101D10M1010I0025,4403070132008090000070105039,渗漏,"厨房漏水,卫生间漏水",卫生间老化,,13751121514,业主,center crm
深圳第五园,深圳城市分公司,深圳第五园服务站,深圳第五园五期8栋1单元1203,CN4403070101D102101020035,4403070132008090000080112039,渗漏,厨房漏水,,,13688808248,业主,crm zze
深圳第五园,深圳城市分公司,深圳第五园服务站,深圳第五园五期8栋1单元1301,CN4403070101D1021010A0055,4403070132008090000080113015,渗漏,卫生间漏水,,,13501581274,业主,crm zze
深圳第五园,深圳城市分公司,深圳第五园服务站,深圳第五园五期8栋1单元1303,CN4403070101D1021010A0063,4403070132008090000080113031,渗漏,厨房漏水,,,15179042915,业主,center crm zze
深圳第五园,深圳城市分公司,深圳第五园服务站,深圳第五园五期8栋1单元1703,CN4403070101D1021010C0021,4403070132008090000080117035,渗漏,卫生间漏水,,,18922815939,业主,center crm zze
深圳第五园,深圳城市分公司,深圳第五园服务站,深圳第五园五期8栋1单元1805,CN4403070101D102101040036,4403070132008090000080118053,渗漏,厨房漏水,,,18129909207,业主,center crm zze
深圳第五园,深圳城市分公司,深圳第五园服务站,深圳第五园五期8栋1单元601,CN4403070101D1021010L0039,4403070132008090000080106011,渗漏,厨房漏水,,,13823153908,业主,crm zze
深圳第五园,深圳城市分公司,深圳第五园服务站,深圳第五园五期8栋1单元701,CN4403070101D1021010I0040,4403070132008090000080107013,渗漏,厨房漏水,,,13689597373,业主,crm zze
深圳第五园,深圳城市分公司,深圳第五园服务站,深圳第五园五期8栋1单元901,CN4403070101D1021010E0022,4403070132008090000080109019,渗漏,卫生间漏水,,,13822828433,业主,crm zze
深圳第五园,深圳城市分公司,深圳第五园服务站,深圳第五园五期9栋1单元1001,CN4403070101D1071010I006X,4403070132008090000090110011,渗漏,卫生间漏水,,,18677699899,业主,crm
深圳第五园,深圳城市分公司,深圳第五园服务站,深圳第五园五期9栋1单元1403,CN4403070101D1071010G0034,4403070132008090000090114037,渗漏,阳台漏水,,,13823744254,业主,crm zze
深圳第五园,深圳城市分公司,深圳第五园服务站,深圳第五园五期9栋1单元1503,CN4403070101D1071010L0023,4403070132008090000090115031,渗漏,厨房漏水,,,18823790537,业主,center crm zze
深圳第五园,深圳城市分公司,深圳第五园服务站,深圳第五园五期9栋1单元1603,CN4403070101D1071010E0025,4403070132008090000090116033,渗漏,厨房漏水,,,13926575361,业主,center
深圳第五园,深圳城市分公司,深圳第五园服务站,深圳第五园五期9栋1单元401,CN4403070101D1071010F0039,4403070132008090000090104019,渗漏,阳台漏水,,,18820913272,业主,center
深圳第五园,深圳城市分公司,深圳第五园服务站,深圳第五园五期9栋1单元501,CN4403070101D107101070019,4403070132008090000090105011,渗漏,厨房漏水,,,13480939070,业主,center zze
深圳第五园,深圳城市分公司,深圳第五园服务站,深圳第五园五期9栋1单元805,CN4403070101D1071010H0013,4403070132008090000090108051,渗漏,厨房漏水,,,13005437755,业主,center crm
深圳第五园,深圳城市分公司,深圳第五园服务站,深圳第五园五期商铺4至6栋B113,CN4403070101D1311010G0034,4403070132008090000060101091,渗漏,卫生间漏水,,,13066992688,业主,crm
深圳第五园,深圳城市分公司,深圳第五园服务站,深圳第五园八期1栋2单元103,CN4403070101D10V104020016,4403070132008060000010201039,渗漏,卫生间漏水,,,13798446197,业主,center crm zze
深圳第五园,深圳城市分公司,深圳第五园服务站,深圳第五园八期1栋2单元302,CN4403070101D10V104010010,4403070132008060000010203029,渗漏,卫生间漏水,,,13560714902,业主,center crm zze
深圳第五园,深圳城市分公司,深圳第五园服务站,深圳第五园八期1栋2单元401,CN4403070101D10V104030011,4403070132008060000010204013,渗漏,厨房漏水,,,13302316566,业主,crm zze
深圳第五园,深圳城市分公司,深圳第五园服务站,深圳第五园八期1栋3单元401,CN4403070101D10V103030028,4403070132008060000010304011,渗漏,厨房漏水,,,13602609179,业主,center crm zze
深圳第五园,深圳城市分公司,深圳第五园服务站,深圳第五园八期1栋4单元101,CN4403070101D10V101020037,4403070132008060000010401015,渗漏,卫生间漏水,,,18676676688,业主,crm
深圳第五园,深圳城市分公司,深圳第五园服务站,深圳第五园八期3栋1单元101,CN4403070101D10O102010031,4403070132008060000030101011,渗漏,厨房漏水,,,18688893950,业主,center crm zze
深圳第五园,深圳城市分公司,深圳第五园服务站,深圳第五园八期3栋2单元401,CN4403070101D10O103030018,4403070132008060000030204017,渗漏,卫生间漏水,,,13603015826,业主,crm zze
深圳第五园,深圳城市分公司,深圳第五园服务站,深圳第五园八期3栋4单元103,CN4403070101D10O104010027,4403070132008060000030401037,渗漏,厨房漏水,厨房老化,,13806671415,业主,crm zze
深圳第五园,深圳城市分公司,深圳第五园服务站,深圳第五园八期4栋1单元1203,CN4403070101D105101080058,4403070132008060000040112035,渗漏,厨房漏水,,,13590146345,业主,center crm zze
深圳第五园,深圳城市分公司,深圳第五园服务站,深圳第五园八期4栋1单元1601,CN4403070101D1051010G0027,4403070132008060000040116019,渗漏,厨房漏水,,,13509696670,业主,center crm zze
深圳第五园,深圳城市分公司,深圳第五园服务站,深圳第五园八期4栋1单元1704,CN4403070101D1051010F0056,4403070132008060000040117047,渗漏,厨房漏水,,,18566223361,业主,crm zze
深圳第五园,深圳城市分公司,深圳第五园服务站,深圳第五园八期4栋1单元1802,CN4403070101D105101030026,4403070132008060000040118023,渗漏,阳台漏水,,,13728757575,业主,center crm zze
深圳第五园,深圳城市分公司,深圳第五园服务站,深圳第五园八期4栋1单元906,CN4403070101D1051010I0052,4403070132008060000040109069,渗漏,卫生间漏水,,,15986832865,业主,center crm zze
深圳第五园,深圳城市分公司,深圳第五园服务站,深圳第五园八期4栋2单元1204,CN4403070101D105102080025,4403070132008060000040212049,渗漏,厨房漏水,,,19902901949,业主,center crm zze
深圳第五园,深圳城市分公司,深圳第五园服务站,深圳第五园八期4栋2单元1804,CN4403070101D105102030028,4403070132008060000040218047,渗漏,阳台漏水,,,13632789176,业主,crm zze
深圳第五园,深圳城市分公司,深圳第五园服务站,深圳第五园八期4栋2单元1903,CN4403070101D105102070062,4403070132008060000040219033,渗漏,卫生间漏水,,,13692230303,业主,center crm zze
深圳第五园,深圳城市分公司,深圳第五园服务站,深圳第五园八期4栋2单元802,CN4403070101D1051020M003X,4403070132008060000040208023,渗漏,卫生间漏水,,,13922840288,业主,center crm zze
深圳第五园,深圳城市分公司,深圳第五园服务站,深圳第五园八期4栋2单元803,CN4403070101D1051020M0056,4403070132008060000040208031,渗漏,卫生间漏水,,,13028856056,业主,center crm zze
深圳第五园,深圳城市分公司,深圳第五园服务站,深圳第五园八期5栋1单元1804,CN4403070101D12P102040022,4403070132008060000050118041,渗漏,阳台漏水,,,13510758812,业主,center crm zze
深圳第五园,深圳城市分公司,深圳第五园服务站,深圳第五园八期5栋1单元201,CN4403070101D12P1020L0025,4403070132008060000050102011,渗漏,厨房漏水,,,18058116677,业主,crm zze
深圳第五园,深圳城市分公司,深圳第五园服务站,深圳第五园八期5栋1单元602,CN4403070101D12P1020H0031,4403070132008060000050106021,渗漏,卫生间漏水,,,13902310138,业主,center crm zze
深圳第五园,深圳城市分公司,深圳第五园服务站,深圳第五园八期5栋2单元1302,CN4403070101D12P101090028,4403070132008060000050213021,渗漏,厨房漏水,,,13632585319,业主,center crm zze
深圳第五园,深圳城市分公司,深圳第五园服务站,深圳第五园八期6栋1单元1304,CN4403070101D12Z1020E0014,4403070132008060000060113041,渗漏,厨房漏水,,,15017905766,业主,center crm zze
深圳第五园,深圳城市分公司,深圳第五园服务站,深圳第五园八期6栋1单元1804,CN4403070101D12Z1020L0020,4403070132008060000060118043,渗漏,厨房漏水,,,13602689589,业主,center
深圳第五园,深圳城市分公司,深圳第五园服务站,深圳第五园八期6栋2单元1004,CN4403070101D12Z101030020,4403070132008060000060210041,渗漏,厨房漏水,,,15813707403,业主,center crm zze
深圳第五园,深圳城市分公司,深圳第五园服务站,深圳第五园八期6栋2单元1203,CN4403070101D12Z1010D0025,4403070132008060000060212037,渗漏,厨房漏水,,,13925219701,业主,crm zze
深圳第五园,深圳城市分公司,深圳第五园服务站,深圳第五园八期6栋2单元1401,CN4403070101D12Z101020025,4403070132008060000060214017,渗漏,厨房漏水,,,13530228150,业主,crm
深圳第五园,深圳城市分公司,深圳第五园服务站,深圳第五园八期7栋1单元1503,CN4403070101D10Y1010G0010,4403070132008060000070115039,渗漏,厨房漏水,,,13931176375,业主,crm zze
深圳第五园,深圳城市分公司,深圳第五园服务站,深圳第五园八期7栋1单元1603,CN4403070101D10Y1010K0047,4403070132008060000070116031,渗漏,厨房漏水,,,18318878989,业主,center crm zze
深圳第五园,深圳城市分公司,深圳第五园服务站,深圳第五园八期7栋1单元801,CN4403070101D10Y10107002X,4403070132008060000070108015,渗漏,厨房漏水,,,13480869817,业主,center crm zze
深圳第五园,深圳城市分公司,深圳第五园服务站,深圳第五园八期8栋1单元1202,CN4403070101D10J101030011,4403070132008060000080112029,渗漏,阳台漏水,,,15999625633,业主,center crm zze
深圳第五园,深圳城市分公司,深圳第五园服务站,深圳第五园八期8栋1单元1204,CN4403070101D10J10103002X,4403070132008060000080112045,渗漏,厨房漏水,,,13828729456,业主,zze
深圳第五园,深圳城市分公司,深圳第五园服务站,深圳第五园八期9栋1单元1002,CN4403070101D1011010L0042,4403070132008060000090110025,渗漏,厨房漏水,,,13823302311,业主,center crm zze
深圳第五园,深圳城市分公司,深圳第五园服务站,深圳第五园八期9栋1单元1402,CN4403070101D101101020022,4403070132008060000090114025,渗漏,卫生间漏水,,,13828798222,业主,center crm zze
深圳第五园,深圳城市分公司,深圳第五园服务站,深圳第五园八期9栋1单元801,CN4403070101D101101090047,4403070132008060000090108013,渗漏,厨房漏水,,,13509645409,业主,crm
深圳第五园,深圳城市分公司,深圳第五园服务站,深圳第五园八期9栋1单元802,CN4403070101D101101090039,4403070132008060000090108021,渗漏,厨房漏水,,,18680319347,业主,crm
深圳第五园,深圳城市分公司,深圳第五园服务站,深圳第五园六期1栋1单元1001,CN4403070101D113101080023,4403070132009110000010110015,渗漏,卫生间漏水,,,13570806276,业主,center crm zze
深圳第五园,深圳城市分公司,深圳第五园服务站,深圳第五园六期1栋1单元1201,CN4403070101D1131010A0032,4403070132009110000010112019,渗漏,厨房漏水,,,13823289002,业主,center crm zze
深圳第五园,深圳城市分公司,深圳第五园服务站,深圳第五园六期1栋1单元1202,CN4403070101D1131010A0059,4403070132009110000010112027,渗漏,厨房漏水,,,13823289002,业主,center crm zze
深圳第五园,深圳城市分公司,深圳第五园服务站,深圳第五园六期1栋1单元1505,CN4403070101D113101050043,4403070132009110000010115053,渗漏,"卫生间漏水,阳台漏水",,,13902487540,业主,center crm zze
深圳第五园,深圳城市分公司,深圳第五园服务站,深圳第五园六期2栋1单元1201,CN4403070101D10L101030037,4403070132011110000010112015,渗漏,厨房漏水,,,18688965121,业主,center crm zze
深圳第五园,深圳城市分公司,深圳第五园服务站,深圳第五园六期2栋1单元1705,CN4403070101D10L1010N0052,4403070132011110000010117053,渗漏,卫生间漏水,,,13602663619,业主,crm zze
深圳第五园,深圳城市分公司,深圳第五园服务站,深圳第五园六期2栋1单元1803,CN4403070101D10L1010D004X,4403070132011110000010118039,渗漏,厨房漏水,,,15019234795,业主,center crm zze
深圳第五园,深圳城市分公司,深圳第五园服务站,深圳第五园六期2栋1单元1902,CN4403070101D10L1010I0012,4403070132011110000010119025,渗漏,阳台漏水,,,13706591681,业主,crm
深圳第五园,深圳城市分公司,深圳第五园服务站,深圳第五园六期2栋1单元1903,CN4403070101D10L1010I0047,4403070132011110000010119033,渗漏,厨房漏水,,,13699883347,业主,center crm zze
深圳第五园,深圳城市分公司,深圳第五园服务站,深圳第五园六期2栋1单元801,CN4403070101D10L1010M0030,4403070132011110000010108015,渗漏,厨房漏水,,,13392154705,业主,center crm zze
深圳第五园,深圳城市分公司,深圳第五园服务站,深圳第五园六期3栋1单元1705,CN4403070101D1091010K0019,4403070132011110000020117057,渗漏,厨房漏水,,,13798302863,业主,center crm zze
深圳第五园,深圳城市分公司,深圳第五园服务站,深圳第五园六期3栋1单元1903,CN4403070101D1091010I0026,4403070132011110000020119035,渗漏,厨房漏水,,,13590326863,业主,center crm zze
深圳第五园,深圳城市分公司,深圳第五园服务站,深圳第五园六期3栋1单元505,CN4403070101D109101090019,4403070132011110000020105055,渗漏,厨房漏水,,,13823150819,业主,center crm zze
深圳第五园,深圳城市分公司,深圳第五园服务站,深圳第五园六期3栋1单元701,CN4403070101D1091010H0047,4403070132011110000020107019,渗漏,卫生间漏水,卫生间老化,,18476635230,业主,crm
深圳第五园,深圳城市分公司,深圳第五园服务站,深圳第五园六期4栋1单元305,CN4403070101D10P101040065,4403070132011110000030103051,渗漏,卫生间漏水,,,13823372160,业主,center crm zze
深圳第五园,深圳城市分公司,深圳第五园服务站,深圳第五园六期4栋1单元402,CN4403070101D10P101010069,4403070132011110000030104029,渗漏,厨房漏水,,,13066961397,业主,center crm zze
深圳第五园,深圳城市分公司,深圳第五园服务站,深圳第五园六期4栋1单元503,CN4403070101D10P1010D0013,4403070132011110000030105031,渗漏,厨房漏水,,,18675556214,业主,crm
深圳第五园,深圳城市分公司,深圳第五园服务站,深圳第五园六期5栋1单元1305,CN4403070101D1151010A0066,4403070132011110000040113053,渗漏,厨房漏水,,,13530012716,业主,center crm zze
深圳第五园,深圳城市分公司,深圳第五园服务站,深圳第五园六期5栋1单元303,CN4403070101D115101070035,4403070132011110000040103039,渗漏,卫生间漏水,,,13421379835,业主,crm
深圳第五园,深圳城市分公司,深圳第五园服务站,深圳第五园六期5栋1单元507,CN4403070101D115101010091,4403070132011110000040105079,渗漏,厨房漏水,,,18938939719,业主,center crm zze
深圳第五园,深圳城市分公司,深圳第五园服务站,深圳第五园六期5栋1单元901,CN4403070101D115101090028,4403070132011110000040109011,渗漏,阳台漏水,,,13410299495,业主,center crm zze
深圳第五园,深圳城市分公司,深圳第五园服务站,深圳第五园六期5栋1单元911,CN4403070101D1151010900D8,4403070132011110000040109115,渗漏,厨房漏水,,,13267089210,业主,center crm zze
深圳第五园,深圳城市分公司,深圳第五园服务站,深圳第五园六期6栋1单元1117,CN4403070101D1041010400G1,4403070132011110000050111171,渗漏,阳台漏水,,,18682294496,业主,center crm zze
深圳第五园,深圳城市分公司,深圳第五园服务站,深圳第五园六期6栋1单元1301,CN4403070101D1041010F00HX,4403070132011110000050113013,渗漏,阳台漏水,,,13802584296,业主,center crm zze
深圳第五园,深圳城市分公司,深圳第五园服务站,深圳第五园六期6栋1单元1311,CN4403070101D1041010F006X,4403070132011110000050113119,渗漏,卫生间漏水,,,13828739097,业主,center crm zze
深圳第五园,深圳城市分公司,深圳第五园服务站,深圳第五园六期6栋1单元1315,CN4403070101D1041010F0094,4403070132011110000050113151,渗漏,"厨房漏水,阳台漏水",,,18617192269,业主,center crm zze
深圳第五园,深圳城市分公司,深圳第五园服务站,深圳第五园六期6栋1单元301,CN4403070101D1041010B00GX,4403070132011110000050103017,渗漏,卫生间漏水,,,13808856519,业主,crm zze
深圳第五园,深圳城市分公司,深圳第五园服务站,深圳第五园六期6栋1单元307,CN4403070101D1041010B00B9,4403070132011110000050103075,渗漏,卫生间漏水,,,13502818192,业主,center crm
深圳第五园,深圳城市分公司,深圳第五园服务站,深圳第五园六期6栋1单元517,CN4403070101D1041010D0085,4403070132011110000050105177,渗漏,卫生间漏水,,,13922870057,业主,center crm
深圳第五园,深圳城市分公司,深圳第五园服务站,深圳第五园六期6栋1单元701,CN4403070101D104101070066,4403070132011110000050107011,渗漏,厨房漏水,,,13631616998,业主,center crm zze
深圳第五园,深圳城市分公司,深圳第五园服务站,深圳第五园六期6栋1单元705,CN4403070101D104101070015,4403070132011110000050107053,渗漏,厨房漏水,,,13609698911,业主,center zze
深圳第五园,深圳城市分公司,深圳第五园服务站,深圳第五园六期6栋1单元907,CN4403070101D1041010300H4,4403070132011110000050109075,渗漏,厨房漏水,,,13556182301,业主,center crm zze
深圳第五园,深圳城市分公司,深圳第五园服务站,深圳第五园四期1号楼1单元1104,CN4403070101D10R101070044,4403070132009050000010111049,渗漏,厨房漏水,,,13728781387,业主,crm
深圳第五园,深圳城市分公司,深圳第五园服务站,深圳第五园四期1号楼1单元1108,CN4403070101D10R101070060,4403070132009050000010111081,渗漏,厨房漏水,,,15118837900,业主,center crm zze
深圳第五园,深圳城市分公司,深圳第五园服务站,深圳第五园四期1号楼1单元1401,CN4403070101D10R1010L0024,4403070132009050000010114013,渗漏,厨房漏水,,,17789863588,业主,crm zze
深圳第五园,深圳城市分公司,深圳第五园服务站,深圳第五园四期1号楼1单元1402,CN4403070101D10R1010L0032,4403070132009050000010114021,渗漏,"卫生间漏水,厨房漏水",,,13922883479,业主,crm
深圳第五园,深圳城市分公司,深圳第五园服务站,深圳第五园四期1号楼1单元1404,CN4403070101D10R1010L0016,4403070132009050000010114047,渗漏,阳台漏水,,,13825286867,业主,center zze
深圳第五园,深圳城市分公司,深圳第五园服务站,深圳第五园四期1号楼1单元1503,CN4403070101D10R101010068,4403070132009050000010115031,渗漏,厨房漏水,,,13026613157,业主,center crm zze
深圳第五园,深圳城市分公司,深圳第五园服务站,深圳第五园四期1号楼1单元1602,CN4403070101D10R1010K0045,4403070132009050000010116029,渗漏,厨房漏水,,,18675533211,业主,center crm zze
深圳第五园,深圳城市分公司,深圳第五园服务站,深圳第五园四期1号楼1单元1701,CN4403070101D10R1010B0038,4403070132009050000010117013,渗漏,卫生间漏水,,,13266580529,业主,center crm zze
深圳第五园,深圳城市分公司,深圳第五园服务站,深圳第五园四期1号楼1单元1808,CN4403070101D10R10109007X,4403070132009050000010118083,渗漏,厨房漏水,,,18688830457,业主,center crm zze
深圳第五园,深圳城市分公司,深圳第五园服务站,深圳第五园四期1号楼1单元501,CN4403070101D10R1010I0060,4403070132009050000010105019,渗漏,厨房漏水,,,13798546118,业主,crm zze
深圳第五园,深圳城市分公司,深圳第五园服务站,深圳第五园四期1号楼1单元506,CN4403070101D10R1010I0044,4403070132009050000010105069,渗漏,厨房漏水,,,13823260770,业主,center crm zze
深圳第五园,深圳城市分公司,深圳第五园服务站,深圳第五园四期1号楼1单元608,CN4403070101D10R101080058,4403070132009050000010106089,渗漏,厨房漏水,,,13501597129,业主,center crm zze
深圳第五园,深圳城市分公司,深圳第五园服务站,深圳第五园四期1号楼1单元801,CN4403070101D10R101050027,4403070132009050000010108011,渗漏,卫生间漏水,,,13828704114,业主,center crm zze
深圳第五园,深圳城市分公司,深圳第五园服务站,深圳第五园四期1号楼1单元802,CN4403070101D10R101050078,4403070132009050000010108029,渗漏,"厨房漏水,卫生间漏水",,,13530943390,业主,center crm zze
深圳第五园,深圳城市分公司,深圳第五园服务站,深圳第五园四期1号楼1单元803,CN4403070101D10R101050035,4403070132009050000010108037,渗漏,厨房漏水,,,18682060660,业主,center crm zze
深圳第五园,深圳城市分公司,深圳第五园服务站,深圳第五园四期1号楼1单元904,CN4403070101D10R1010J004X,4403070132009050000010109047,渗漏,厨房漏水,,,13603083861,业主,center crm zze
深圳第五园,深圳城市分公司,深圳第五园服务站,深圳第五园四期2号楼1单元1002,CN4403070101D10T101030017,4403070132009050000020110023,渗漏,厨房漏水,,,13682593290,业主,center crm zze
深圳第五园,深圳城市分公司,深圳第五园服务站,深圳第五园四期2号楼1单元1105,CN4403070101D10T1010J0065,4403070132009050000020111053,渗漏,厨房漏水,,,13760390880,业主,crm
深圳第五园,深圳城市分公司,深圳第五园服务站,深圳第五园四期2号楼1单元1203,CN4403070101D10T1010H0056,4403070132009050000020112039,渗漏,阳台漏水,,,13502821152,业主,center crm zze
深圳第五园,深圳城市分公司,深圳第五园服务站,深圳第五园四期2号楼1单元1205,CN4403070101D10T1010H003X,4403070132009050000020112055,渗漏,厨房漏水,,,13632707899,业主,center crm zze
深圳第五园,深圳城市分公司,深圳第五园服务站,深圳第五园四期2号楼1单元1208,CN4403070101D10T1010H0064,4403070132009050000020112089,渗漏,厨房漏水,,,15817471716,业主,crm zze
深圳第五园,深圳城市分公司,深圳第五园服务站,深圳第五园四期2号楼1单元1307,CN4403070101D10T1010M0088,4403070132009050000020113075,渗漏,卫生间漏水,,,13926574725,业主,crm
深圳第五园,深圳城市分公司,深圳第五园服务站,深圳第五园四期2号楼1单元1402,CN4403070101D10T101060056,4403070132009050000020114027,渗漏,厨房漏水,,,15986662678,业主,center crm zze
深圳第五园,深圳城市分公司,深圳第五园服务站,深圳第五园四期2号楼1单元1405,CN4403070101D10T101060048,4403070132009050000020114051,渗漏,厨房漏水,,,13826554460,业主,crm zze
深圳第五园,深圳城市分公司,深圳第五园服务站,深圳第五园四期2号楼1单元1501,CN4403070101D10T101070078,4403070132009050000020115011,渗漏,厨房漏水,,,13510162784,业主,center crm zze
深圳第五园,深圳城市分公司,深圳第五园服务站,深圳第五园四期2号楼1单元1607,CN4403070101D10T1010B0088,4403070132009050000020116073,渗漏,厨房漏水,,,13686810480,业主,crm zze
深圳第五园,深圳城市分公司,深圳第五园服务站,深圳第五园四期2号楼1单元1705,CN4403070101D10T1010D0038,4403070132009050000020117059,渗漏,卫生间漏水,,,18028776266,业主,center crm zze
深圳第五园,深圳城市分公司,深圳第五园服务站,深圳第五园四期2号楼1单元203,CN4403070101D10T1010F0063,4403070132009050000020102031,渗漏,阳台漏水,,,15013808983,业主,crm zze
深圳第五园,深圳城市分公司,深圳第五园服务站,深圳第五园四期2号楼1单元301,CN4403070101D10T101020038,4403070132009050000020103011,渗漏,卫生间漏水,,,15683421378,业主,crm zze
深圳第五园,深圳城市分公司,深圳第五园服务站,深圳第五园四期2号楼1单元302,CN4403070101D10T101020089,4403070132009050000020103029,渗漏,厨房漏水,,,13760495966,业主,crm zze
深圳第五园,深圳城市分公司,深圳第五园服务站,深圳第五园四期2号楼1单元303,CN4403070101D10T101020054,4403070132009050000020103037,渗漏,卫生间漏水,,,13602584701,业主,center crm zze
深圳第五园,深圳城市分公司,深圳第五园服务站,深圳第五园四期2号楼1单元304,CN4403070101D10T101020062,4403070132009050000020103045,渗漏,"厨房漏水,阳台漏水",阳台老化,,13510564176,业主,center crm zze
深圳第五园,深圳城市分公司,深圳第五园服务站,深圳第五园四期2号楼1单元406,CN4403070101D10T101050034,4403070132009050000020104063,渗漏,厨房漏水,,,18922830665,业主,crm zze
深圳第五园,深圳城市分公司,深圳第五园服务站,深圳第五园四期2号楼1单元408,CN4403070101D10T101050077,4403070132009050000020104089,渗漏,厨房漏水,,,13603066886,业主,crm
深圳第五园,深圳城市分公司,深圳第五园服务站,深圳第五园四期2号楼1单元703,CN4403070101D10T1010G0077,4403070132009050000020107037,渗漏,厨房漏水,,,13825226687,业主,center crm zze
深圳第五园,深圳城市分公司,深圳第五园服务站,深圳第五园四期2号楼1单元906,CN4403070101D10T101090036,4403070132009050000020109067,渗漏,厨房漏水,,,15019455176,业主,crm zze
深圳第五园,深圳城市分公司,深圳第五园服务站,深圳第五园四期2号楼1单元907,CN4403070101D10T101090087,4403070132009050000020109075,渗漏,阳台漏水,,,13418686100,业主,center crm zze
深圳第五园,深圳城市分公司,深圳第五园服务站,深圳第五园四期3号楼1单元1003,CN4403070101D103101070088,4403070132009050000030110035,渗漏,厨房漏水,,,18098905598,业主,center crm zze
深圳第五园,深圳城市分公司,深圳第五园服务站,深圳第五园四期3号楼1单元1204,CN4403070101D103101090011,4403070132009050000030112049,渗漏,卫生间漏水,,,15801637088,业主,crm zze
深圳第五园,深圳城市分公司,深圳第五园服务站,深圳第五园四期3号楼1单元1306,CN4403070101D10310106004X,4403070132009050000030113067,渗漏,厨房漏水,,,13530590004,业主,center crm zze
深圳第五园,深圳城市分公司,深圳第五园服务站,深圳第五园四期3号楼1单元1608,CN4403070101D1031010H0082,4403070132009050000030116081,渗漏,阳台漏水,,,15919837901,业主,center crm zze
深圳第五园,深圳城市分公司,深圳第五园服务站,深圳第五园四期3号楼1单元407,CN4403070101D10310102003X,4403070132009050000030104073,渗漏,厨房漏水,,,18124196898,业主,center crm zze
深圳第五园,深圳城市分公司,深圳第五园服务站,深圳第五园四期3号楼1单元507,CN4403070101D1031010D0021,4403070132009050000030105075,渗漏,卫生间漏水,,,15818517552,业主,center crm zze
深圳第五园,深圳城市分公司,深圳第五园服务站,深圳第五园四期3号楼1单元604,CN4403070101D1031010K002X,4403070132009050000030106043,渗漏,阳台漏水,,,13728759693,业主,zze
深圳第五园,深圳城市分公司,深圳第五园服务站,深圳第五园四期3号楼1单元702,CN4403070101D10310103006X,4403070132009050000030107021,渗漏,厨房漏水,,,13425183253,业主,center crm
深圳第五园,深圳城市分公司,深圳第五园服务站,深圳第五园四期3号楼1单元804,CN4403070101D1031010I0053,4403070132009050000030108049,渗漏,厨房漏水,,,13691991989,业主,center crm
深圳第五园,深圳城市分公司,深圳第五园服务站,深圳第五园四期4号楼1单元1001,CN4403070101D133101010058,4403070132009050000040110013,渗漏,厨房漏水,,,15818757641,业主,center crm zze
深圳第五园,深圳城市分公司,深圳第五园服务站,深圳第五园四期4号楼1单元1104,CN4403070101D133101020088,4403070132009050000040111049,渗漏,厨房漏水,,,13510111889,业主,center crm zze
深圳第五园,深圳城市分公司,深圳第五园服务站,深圳第五园四期4号楼1单元1201,CN4403070101D1331010G0017,4403070132009050000040112011,渗漏,厨房漏水,,,18565789288,业主,center crm zze
深圳第五园,深圳城市分公司,深圳第五园服务站,深圳第五园四期4号楼1单元1208,CN4403070101D1331010G0041,4403070132009050000040112087,渗漏,厨房漏水,,,13973171837,业主,center crm zze
深圳第五园,深圳城市分公司,深圳第五园服务站,深圳第五园四期4号楼1单元1306,CN4403070101D133101030024,4403070132009050000040113063,渗漏,阳台漏水,,,13510399142,业主,center crm zze
深圳第五园,深圳城市分公司,深圳第五园服务站,深圳第五园四期4号楼1单元1408,CN4403070101D1331010F0089,4403070132009050000040114083,渗漏,厨房漏水,,,15118171997,业主,center crm zze
深圳第五园,深圳城市分公司,深圳第五园服务站,深圳第五园四期4号楼1单元1504,CN4403070101D1331010J0048,4403070132009050000040115043,渗漏,阳台漏水,,,13537671929,业主,center crm zze
深圳第五园,深圳城市分公司,深圳第五园服务站,深圳第五园四期4号楼1单元1605,CN4403070101D133101050076,4403070132009050000040116053,渗漏,厨房漏水,,,15999675584,业主,center crm zze
深圳第五园,深圳城市分公司,深圳第五园服务站,深圳第五园四期4号楼1单元1608,CN4403070101D133101050025,4403070132009050000040116087,渗漏,"厨房漏水,卫生间漏水",,,13302735519,业主,center crm zze
深圳第五园,深圳城市分公司,深圳第五园服务站,深圳第五园四期4号楼1单元1707,CN4403070101D133101080021,4403070132009050000040117073,渗漏,厨房漏水,,,13760167759,业主,crm zze
深圳第五园,深圳城市分公司,深圳第五园服务站,深圳第五园四期4号楼1单元1801,CN4403070101D1331010D0053,4403070132009050000040118017,渗漏,厨房漏水,,,13688817848,业主,center crm zze
深圳第五园,深圳城市分公司,深圳第五园服务站,深圳第五园四期4号楼1单元301,CN4403070101D1331010L0081,4403070132009050000040103015,渗漏,厨房漏水,,,13924604313,业主,crm zze
深圳第五园,深圳城市分公司,深圳第五园服务站,深圳第五园四期4号楼1单元407,CN4403070101D133101070034,4403070132009050000040104079,渗漏,卫生间漏水,,,18129953403,业主,center crm zze
深圳第五园,深圳城市分公司,深圳第五园服务站,深圳第五园四期4号楼1单元502,CN4403070101D1331010H0047,4403070132009050000040105021,渗漏,厨房漏水,,,18676664869,业主,center zze
深圳第五园,深圳城市分公司,深圳第五园服务站,深圳第五园四期4号楼1单元505,CN4403070101D1331010H0039,4403070132009050000040105055,渗漏,阳台漏水,,,13691824210,业主,center crm zze
深圳第五园,深圳城市分公司,深圳第五园服务站,深圳第五园四期4号楼1单元604,CN4403070101D13310104002X,4403070132009050000040106041,渗漏,厨房漏水,,,13410414602,业主,zze
深圳第五园,深圳城市分公司,深圳第五园服务站,深圳第五园四期4号楼1单元701,CN4403070101D1331010B0052,4403070132009050000040107019,渗漏,卫生间漏水,,,13823643545,业主,center crm zze
深圳第五园,深圳城市分公司,深圳第五园服务站,深圳第五园四期4号楼1单元703,CN4403070101D1331010B0087,4403070132009050000040107035,渗漏,厨房漏水,,,18666208825,业主,center crm zze
深圳第五园,深圳城市分公司,深圳第五园服务站,深圳第五园四期4号楼1单元706,CN4403070101D1331010B001X,4403070132009050000040107069,渗漏,卫生间漏水,,,13632890910,业主,center crm zze
深圳第五园,深圳城市分公司,深圳第五园服务站,深圳第五园四期4号楼1单元807,CN4403070101D1331010M0060,4403070132009050000040108079,渗漏,厨房漏水,,,13725575702,业主,center crm zze
深圳第五园,深圳城市分公司,深圳第五园服务站,深圳第五园四期4号楼1单元905,CN4403070101D1331010K0035,4403070132009050000040109057,渗漏,厨房漏水,,,13602620260,业主,crm zze
深圳第五园,深圳城市分公司,深圳第五园服务站,深圳第五园四期4号楼1单元906,CN4403070101D1331010K0019,4403070132009050000040109065,渗漏,厨房漏水,,,13509607479,业主,crm zze
深圳第五园,深圳城市分公司,深圳第五园服务站,深圳第五园四期4号楼1单元908,CN4403070101D1331010K0027,4403070132009050000040109081,渗漏,厨房漏水,,,13509636010,业主,crm zze
深圳第五园,深圳城市分公司,深圳第五园服务站,深圳第五园四期5号楼1单元1002,CN4403070101D10K101090027,4403070132009050000050110025,渗漏,阳台漏水,,,13530948440,业主,crm
深圳第五园,深圳城市分公司,深圳第五园服务站,深圳第五园四期5号楼1单元102,CN4403070101D10K101040011,4403070132009050000050101021,渗漏,阳台漏水,,,13510331621,业主,center crm zze
深圳第五园,深圳城市分公司,深圳第五园服务站,深圳第五园四期5号楼1单元1401,CN4403070101D10K101080013,4403070132009050000050114017,渗漏,卫生间漏水,,,18688832055,业主,crm zze
深圳第五园,深圳城市分公司,深圳第五园服务站,深圳第五园四期5号楼1单元203,CN4403070101D10K1010M0036,4403070132009050000050102033,渗漏,厨房漏水,,,13925219737,业主,center zze
深圳第五园,深圳城市分公司,深圳第五园服务站,深圳第五园四期5号楼1单元2401,CN4403070101D10K1010F0011,4403070132009050000050124013,渗漏,厨房漏水,,,13823101886,业主,center crm zze
深圳第五园,深圳城市分公司,深圳第五园服务站,深圳第五园四期5号楼1单元302,CN4403070101D10K1010C0023,4403070132009050000050103027,渗漏,厨房漏水,,,13428918064,业主,crm zze
深圳第五园,深圳城市分公司,深圳第五园服务站,深圳第五园四期5号楼1单元401,CN4403070101D10K101070018,4403070132009050000050104011,渗漏,厨房漏水,,,13922892058,家属,crm zze
深圳第五园,深圳城市分公司,深圳第五园服务站,深圳第五园四期5号楼1单元402,CN4403070101D10K101070042,4403070132009050000050104029,渗漏,卫生间漏水,,,15889704125,业主,crm zze
深圳第五园,深圳城市分公司,深圳第五园服务站,深圳第五园四期5号楼1单元701,CN4403070101D10K1010A0014,4403070132009050000050107019,渗漏,卫生间漏水,,,13922837917,业主,center crm zze
深圳第五园,深圳城市分公司,深圳第五园服务站,深圳第五园四期5号楼1单元802,CN4403070101D10K1010G0041,4403070132009050000050108021,渗漏,卫生间漏水,,,13510668505,业主,crm
深圳第五园,深圳城市分公司,深圳第五园服务站,深圳第五园四期6号楼1单元1101,CN4403070101D10W1010C001X,4403070132009050000060111013,渗漏,卫生间漏水,,,13530526208,业主,center crm zze
深圳第五园,深圳城市分公司,深圳第五园服务站,深圳第五园四期6号楼1单元1202,CN4403070101D10W1010R0038,4403070132009050000060112023,渗漏,厨房漏水,,,18676799612,业主,center crm
深圳第五园,深圳城市分公司,深圳第五园服务站,深圳第五园四期6号楼1单元1204,CN4403070101D10W1010R002X,4403070132009050000060112049,渗漏,厨房漏水,,,13510005184,业主,crm zze
深圳第五园,深圳城市分公司,深圳第五园服务站,深圳第五园四期6号楼1单元1304,CN4403070101D10W1010E0010,4403070132009050000060113045,渗漏,厨房漏水,,,13530920094,业主,center crm zze
深圳第五园,深圳城市分公司,深圳第五园服务站,深圳第五园四期6号楼1单元1704,CN4403070101D10W1010G0038,4403070132009050000060117045,渗漏,"卫生间漏水,厨房漏水",,,13510787725,业主,center crm zze
深圳第五园,深圳城市分公司,深圳第五园服务站,深圳第五园四期6号楼1单元1801,CN4403070101D10W101020031,4403070132009050000060118015,渗漏,厨房漏水,,,13714568241,业主,crm zze
深圳第五园,深圳城市分公司,深圳第五园服务站,深圳第五园四期6号楼1单元2002,CN4403070101D10W1010N0044,4403070132009050000060120023,渗漏,厨房漏水,,,13510891889,业主,crm zze
深圳第五园,深圳城市分公司,深圳第五园服务站,深圳第五园四期6号楼1单元2102,CN4403070101D10W10105002X,4403070132009050000060121029,渗漏,厨房漏水,,,13823690286,业主,crm zze
深圳第五园,深圳城市分公司,深圳第五园服务站,深圳第五园四期6号楼1单元2201,CN4403070101D10W1010L0043,4403070132009050000060122013,渗漏,卫生间漏水,,,13631531269,业主,crm zze
深圳第五园,深圳城市分公司,深圳第五园服务站,深圳第五园四期6号楼1单元2402,CN4403070101D10W101090048,4403070132009050000060124027,渗漏,厨房漏水,,,18702173829,业主,center crm zze
深圳第五园,深圳城市分公司,深圳第五园服务站,深圳第五园四期6号楼1单元2504,CN4403070101D10W1010P0045,4403070132009050000060125045,渗漏,厨房漏水,,,13612902606,业主,center crm zze
深圳第五园,深圳城市分公司,深圳第五园服务站,深圳第五园四期6号楼1单元604,CN4403070101D10W1010Q0032,4403070132009050000060106047,渗漏,"卫生间漏水,厨房漏水",,,15817479127,业主,center crm zze
深圳第五园,深圳城市分公司,深圳第五园服务站,深圳第五园四期6号楼1单元801,CN4403070101D10W1010H0017,4403070132009050000060108019,渗漏,卫生间漏水,,,13823133206,业主,crm zze
深圳第五园,深圳城市分公司,深圳第五园服务站,深圳第五园四期6号楼1单元802,CN4403070101D10W1010H0025,4403070132009050000060108027,渗漏,厨房漏水,,,13670091779,业主,crm zze
深圳第五园,深圳城市分公司,深圳第五园服务站,深圳第五园四期7号楼1单元1402,CN4403070101D1121010G0049,4403070132009050000070114023,渗漏,卫生间漏水,,,13590283184,业主,crm zze
深圳第五园,深圳城市分公司,深圳第五园服务站,深圳第五园四期7号楼1单元1403,CN4403070101D1121010G0014,4403070132009050000070114031,渗漏,阳台漏水,,,13809867827,业主,center crm zze
深圳第五园,深圳城市分公司,深圳第五园服务站,深圳第五园四期7号楼1单元1902,CN4403070101D1121010N0039,4403070132009050000070119029,渗漏,阳台漏水,,,15914110433,业主,crm zze
深圳第五园,深圳城市分公司,深圳第五园服务站,深圳第五园四期7号楼1单元2001,CN4403070101D1121010J0045,4403070132009050000070120019,渗漏,厨房漏水,,,13316926819,业主,center crm zze
深圳第五园,深圳城市分公司,深圳第五园服务站,深圳第五园四期7号楼1单元202,CN4403070101D112101070031,4403070132009050000070102023,渗漏,厨房漏水,,,13510769076,业主,center crm zze
深圳第五园,深圳城市分公司,深圳第五园服务站,深圳第五园四期7号楼1单元2202,CN4403070101D1121010R0030,4403070132009050000070122023,渗漏,厨房漏水,,,13823154343,业主,center crm zze
深圳第五园,深圳城市分公司,深圳第五园服务站,深圳第五园四期7号楼1单元2302,CN4403070101D112101030021,4403070132009050000070123029,渗漏,阳台漏水,,,18926038160,业主,center crm
深圳第五园,深圳城市分公司,深圳第五园服务站,深圳第五园四期7号楼1单元2402,CN4403070101D1121010Q0035,4403070132009050000070124021,渗漏,厨房漏水,,,13713963564,业主,center crm zze
深圳第五园,深圳城市分公司,深圳第五园服务站,深圳第五园四期7号楼1单元2604,CN4403070101D1121010S0036,4403070132009050000070126043,渗漏,厨房漏水,,,13509601313,业主,center crm zze
深圳第五园,深圳城市分公司,深圳第五园服务站,深圳第五园四期7号楼1单元403,CN4403070101D1121010P0013,4403070132009050000070104035,渗漏,卫生间漏水,,,18922890628,业主,crm zze
深圳第五园,深圳城市分公司,深圳第五园服务站,深圳第五园四期7号楼1单元404,CN4403070101D1121010P0048,4403070132009050000070104043,渗漏,厨房漏水,,,18688827890,业主,center crm zze
深圳第五园,深圳城市分公司,深圳第五园服务站,深圳第五园四期7号楼1单元901,CN4403070101D1121010O0034,4403070132009050000070109017,渗漏,卫生间漏水,,,13662639008,业主,center crm zze
深圳第五园,深圳城市分公司,深圳第五园服务站,深圳第五园四期7号楼1单元903,CN4403070101D1121010O0042,4403070132009050000070109033,渗漏,厨房漏水,,,13923712271,业主,center crm zze
深圳第五园,深圳城市分公司,深圳第五园服务站,深圳第五园一期M1栋2单元501,CN4403070101D120106050013,4403070132005070000050205013,"渗漏,浴改淋","厨房漏水,阳台漏水",渗水/返潮,,15811842301,业主,crm zze
深圳第五园,深圳城市分公司,深圳第五园服务站,深圳第五园一期M3栋4单元101,CN4403070101D11H103050016,4403070132005070000070401019,"渗漏,浴改淋",厨房漏水,渗水/返潮,,13554726828,业主,center crm zze
深圳第五园,深圳城市分公司,深圳第五园服务站,深圳第五园一期T4栋1单元104,CN4403070101D12J10101006X,4403070132005070000110101045,"渗漏,浴改淋",厨房漏水,渗水/返潮,,13302435588,业主,center crm zze
深圳第五园,深圳城市分公司,深圳第五园服务站,深圳第五园三期G5栋2单元202,CN4403070101D12V102010023,4403070132007040000100202027,"渗漏,浴改淋",阳台漏水,渗水/返潮,,13923740231,业主,center crm zze
深圳第五园,深圳城市分公司,深圳第五园服务站,深圳第五园三期H1栋3单元1206,CN4403070101D1281020F0017,4403070132006100000030312061,"渗漏,浴改淋",卫生间漏水,渗水/返潮,,15915386481,业主,crm zze
深圳第五园,深圳城市分公司,深圳第五园服务站,深圳第五园三期H3栋2单元706,CN4403070101D1341030E0057,4403070132007040000160207067,"渗漏,浴改淋",厨房漏水,渗水/返潮,,18603040247,业主,center crm zze
深圳第五园,深圳城市分公司,深圳第五园服务站,深圳第五园二期G1栋1单元102,CN4403070101D11810201002X,4403070132006100000010101029,"渗漏,浴改淋",厨房漏水,渗水/返潮,,13613067230,业主,center crm zze
深圳第五园,深圳城市分公司,深圳第五园服务站,深圳第五园二期G3栋1单元301,CN4403070101D11N104030022,4403070132005070000150103011,"渗漏,浴改淋",厨房漏水,渗水/返潮,,13632831758,业主,center crm zze
深圳第五园,深圳城市分公司,深圳第五园服务站,深圳第五园二期G6栋1单元102,CN4403070101D11P102010019,4403070132005070000170101021,"渗漏,浴改淋",厨房漏水,渗水/返潮,,13923808181,业主,crm zze
深圳第五园,深圳城市分公司,深圳第五园服务站,深圳第五园二期G8栋1单元101,CN4403070101D11U102030012,4403070132005070000190101011,"渗漏,浴改淋",卫生间漏水,渗水/返潮,,13501558486,业主,center crm zze
深圳第五园,深圳城市分公司,深圳第五园服务站,深圳第五园二期M5栋2单元202,CN4403070101D11K103020013,4403070132005070000230202023,"渗漏,浴改淋",厨房漏水,渗水/返潮,,18664950876,业主,center crm zze
深圳第五园,深圳城市分公司,深圳第五园服务站,深圳第五园二期M6栋2单元202,CN4403070101D11E103040017,4403070132005070000240202025,"渗漏,浴改淋",厨房漏水,渗水/返潮,,15322222584,业主,center crm zze
深圳第五园,深圳城市分公司,深圳第五园服务站,深圳第五园二期M6栋2单元601,CN4403070101D11E103020016,4403070132005070000240206011,"渗漏,浴改淋",阳台漏水,渗水/返潮,,13602680990,业主,center crm zze
深圳第五园,深圳城市分公司,深圳第五园服务站,深圳第五园二期M8栋1单元501,CN4403070101D11J10101001X,4403070132005070000260105013,"渗漏,浴改淋",厨房漏水,渗水/返潮,,13760467986,业主,center crm zze
深圳第五园,深圳城市分公司,深圳第五园服务站,深圳第五园二期M8栋3单元101,CN4403070101D11J104060012,4403070132005070000260301013,"渗漏,浴改淋",厨房漏水,渗水/返潮,,13632640362,业主,crm zze
深圳第五园,深圳城市分公司,深圳第五园服务站,深圳第五园二期M9栋3单元301,CN4403070101D10C106040014,4403070132005070000270303011,"渗漏,浴改淋","厨房漏水,卫生间漏水",渗水/返潮,,18948799668,业主,center crm zze
深圳第五园,深圳城市分公司,深圳第五园服务站,深圳第五园二期M9栋3单元402,CN4403070101D10C106060023,4403070132005070000270304023,"渗漏,浴改淋","阳台漏水,厨房漏水",渗水/返潮,,13682605906,业主,center crm
深圳第五园,深圳城市分公司,深圳第五园服务站,深圳第五园二期M9栋4单元301,CN4403070101D10C104040010,4403070132005070000270403013,"渗漏,浴改淋",阳台漏水,渗水/返潮,,15014082162,业主,center crm zze
深圳第五园,深圳城市分公司,深圳第五园服务站,深圳第五园二期M9栋5单元601,CN4403070101D10C10502002X,4403070132005070000270506015,"渗漏,浴改淋",厨房漏水,瓷砖开裂空鼓,,15302727090,业主,center crm zze
深圳第五园,深圳城市分公司,深圳第五园服务站,深圳第五园二期M9栋6单元202,CN4403070101D10C101030028,4403070132005070000270602029,"渗漏,浴改淋","厨房漏水,卫生间漏水",,D_三口之家,13420950521,业主,crm zze
深圳第五园,深圳城市分公司,深圳第五园服务站,深圳第五园二期M9栋6单元402,CN4403070101D10C101060016,4403070132005070000270604025,"渗漏,浴改淋",阳台漏水,渗水/返潮,,18676709217,业主,center crm zze
深圳第五园,深圳城市分公司,深圳第五园服务站,深圳第五园二期T15栋1单元105,CN4403070101D12C10101005X,4403070132005070000340101053,"渗漏,浴改淋",厨房漏水,渗水/返潮,,13902962919,业主,crm zze
深圳第五园,深圳城市分公司,深圳第五园服务站,深圳第五园二期T24栋1单元104,CN4403070101D12K101010048,4403070132005070000430101049,"渗漏,浴改淋",厨房漏水,渗水/返潮,,15989892959,业主,center crm zze
深圳第五园,深圳城市分公司,深圳第五园服务站,深圳第五园二期T26栋1单元105,CN4403070101D11F101010054,4403070132005070000450101057,"渗漏,浴改淋",阳台漏水,渗水/返潮,,13632568645,业主,center crm zze
深圳第五园,深圳城市分公司,深圳第五园服务站,深圳第五园五期10栋1单元1701,CN4403070101D12R101080056,4403070132008090000100117017,"渗漏,浴改淋",厨房漏水,"渗水/返潮,墙面发霉",,13352930970,业主,crm zze
深圳第五园,深圳城市分公司,深圳第五园服务站,深圳第五园五期11栋1单元803,CN4403070101D10G1010C0017,4403070132008090000110108031,"渗漏,浴改淋",厨房漏水,渗水/返潮,,13902901105,业主,center crm zze
深圳第五园,深圳城市分公司,深圳第五园服务站,深圳第五园五期12栋1单元1211,CN4403070101D10A10109003X,4403070132008090000120112117,"渗漏,浴改淋",厨房漏水,渗水/返潮,,13828787665,业主,center crm zze
深圳第五园,深圳城市分公司,深圳第五园服务站,深圳第五园五期12栋1单元319,CN4403070101D10A1010400E2,4403070132008090000120103195,"渗漏,浴改淋",厨房漏水,渗水/返潮,,18118777107,业主,center crm zze
深圳第五园,深圳城市分公司,深圳第五园服务站,深圳第五园五期12栋1单元602,CN4403070101D10A101060033,4403070132008090000120106025,"渗漏,浴改淋",厨房漏水,渗水/返潮,,13590167748,业主,center crm zze
深圳第五园,深圳城市分公司,深圳第五园服务站,深圳第五园五期12栋1单元712,CN4403070101D10A1010D0074,4403070132008090000120107123,"渗漏,浴改淋",卫生间漏水,渗水/返潮,,18392887398,业主,center crm zze
深圳第五园,深圳城市分公司,深圳第五园服务站,深圳第五园五期1栋1单元1001,CN4403070101D1141010G0056,4403070132008090000010110011,"渗漏,浴改淋",卫生间漏水,渗水/返潮,,13603042856,业主,center crm zze
深圳第五园,深圳城市分公司,深圳第五园服务站,深圳第五园五期1栋1单元501,CN4403070101D11410105003X,4403070132008090000010105019,"渗漏,浴改淋",厨房漏水,渗水/返潮,,15815589119,业主,crm
深圳第五园,深圳城市分公司,深圳第五园服务站,深圳第五园五期2栋1单元1201,CN4403070101D1081010B0066,4403070132008090000020112013,"渗漏,浴改淋",卫生间漏水,渗水/返潮,,13602609179,业主,crm zze
深圳第五园,深圳城市分公司,深圳第五园服务站,深圳第五园五期5栋1单元1105,CN4403070101D1321010A0044,4403070132008090000050111051,"渗漏,浴改淋",厨房漏水,渗水/返潮,D_三口之家,15813735015,业主,center crm zze
深圳第五园,深圳城市分公司,深圳第五园服务站,深圳第五园五期5栋1单元1301,CN4403070101D1321010H0069,4403070132008090000050113015,"渗漏,浴改淋",卫生间漏水,渗水/返潮,,15816894483,业主,crm zze
深圳第五园,深圳城市分公司,深圳第五园服务站,深圳第五园五期7栋1单元303,CN4403070101D10M1010K0034,4403070132008090000070103033,"渗漏,浴改淋",卫生间漏水,渗水/返潮,,13421334413,业主,crm
深圳第五园,深圳城市分公司,深圳第五园服务站,深圳第五园五期8栋1单元505,CN4403070101D102101060029,4403070132008090000080105057,"渗漏,浴改淋","阳台漏水,厨房漏水",渗水/返潮,,15815509006,业主,crm zze
深圳第五园,深圳城市分公司,深圳第五园服务站,深圳第五园五期9栋1单元705,CN4403070101D107101050042,4403070132008090000090107059,"渗漏,浴改淋",厨房漏水,渗水/返潮,,15889743691,业主,center crm zze
深圳第五园,深圳城市分公司,深圳第五园服务站,深圳第五园八期1栋3单元103,CN4403070101D10V103020022,4403070132008060000010301039,"渗漏,浴改淋",阳台漏水,渗水/返潮,,13923450820,业主,center zze
深圳第五园,深圳城市分公司,深圳第五园服务站,深圳第五园八期3栋1单元302,CN4403070101D10O102020010,4403070132008060000030103025,"渗漏,浴改淋",厨房漏水,渗水/返潮,,13603090935,业主,center crm zze
深圳第五园,深圳城市分公司,深圳第五园服务站,深圳第五园八期3栋2单元101,CN4403070101D10O103010033,4403070132008060000030201019,"渗漏,浴改淋",厨房漏水,渗水/返潮,,13590491343,业主,center crm zze
深圳第五园,深圳城市分公司,深圳第五园服务站,深圳第五园八期3栋3单元302,CN4403070101D10O101020019,4403070132008060000030303023,"渗漏,浴改淋",阳台漏水,渗水/返潮,,13823322200,业主,center crm zze
深圳第五园,深圳城市分公司,深圳第五园服务站,深圳第五园八期4栋1单元1304,CN4403070101D1051010H0030,4403070132008060000040113045,"渗漏,浴改淋",卫生间漏水,渗水/返潮,,18565693625,业主,center crm zze
深圳第五园,深圳城市分公司,深圳第五园服务站,深圳第五园八期4栋2单元605,CN4403070101D1051020L0069,4403070132008060000040206051,"渗漏,浴改淋",厨房漏水,渗水/返潮,,13902920365,业主,center crm zze
深圳第五园,深圳城市分公司,深圳第五园服务站,深圳第五园八期5栋2单元1702,CN4403070101D12P101030017,4403070132008060000050217023,"渗漏,浴改淋",厨房漏水,渗水/返潮,,18665901122,业主,crm
深圳第五园,深圳城市分公司,深圳第五园服务站,深圳第五园八期5栋2单元803,CN4403070101D12P101080049,4403070132008060000050208037,"渗漏,浴改淋",厨房漏水,,B_多孩之家,13537884506,业主,center zze
深圳第五园,深圳城市分公司,深圳第五园服务站,深圳第五园八期6栋2单元301,CN4403070101D12Z1010H0019,4403070132008060000060203019,"渗漏,浴改淋",卫生间漏水,渗水/返潮,,18688978965,业主,center crm zze
深圳第五园,深圳城市分公司,深圳第五园服务站,深圳第五园八期7栋1单元1501,CN4403070101D10Y1010G0029,4403070132008060000070115013,"渗漏,浴改淋",卫生间漏水,渗水/返潮,,18680328608,业主,center crm zze
深圳第五园,深圳城市分公司,深圳第五园服务站,深圳第五园八期8栋1单元1604,CN4403070101D10J101060034,4403070132008060000080116045,"渗漏,浴改淋",厨房漏水,渗水/返潮,,13926517035,业主,center crm zze
深圳第五园,深圳城市分公司,深圳第五园服务站,深圳第五园八期8栋1单元1801,CN4403070101D10J101050047,4403070132008060000080118017,"渗漏,浴改淋",阳台漏水,渗水/返潮,,13823204066,业主,crm zze
深圳第五园,深圳城市分公司,深圳第五园服务站,深圳第五园八期9栋1单元303,CN4403070101D1011010I002X,4403070132008060000090103035,"渗漏,浴改淋",厨房漏水,渗水/返潮,,13724322160,业主,center crm zze
深圳第五园,深圳城市分公司,深圳第五园服务站,深圳第五园六期1栋1单元701,CN4403070101D113101040048,4403070132009110000010107011,"渗漏,浴改淋",厨房漏水,渗水/返潮,,13689553194,业主,center crm zze
深圳第五园,深圳城市分公司,深圳第五园服务站,深圳第五园六期3栋1单元503,CN4403070101D109101090051,4403070132011110000020105039,"渗漏,浴改淋",厨房漏水,渗水/返潮,,13691828292,业主,center crm zze
深圳第五园,深圳城市分公司,深圳第五园服务站,深圳第五园四期1号楼1单元1101,CN4403070101D10R101070028,4403070132009050000010111015,"渗漏,浴改淋",厨房漏水,渗水/返潮,,13632740752,业主,crm zze
深圳第五园,深圳城市分公司,深圳第五园服务站,深圳第五园四期1号楼1单元1406,CN4403070101D10R1010L0067,4403070132009050000010114063,"渗漏,浴改淋",卫生间漏水,渗水/返潮,,18682306706,业主,crm zze
深圳第五园,深圳城市分公司,深圳第五园服务站,深圳第五园四期1号楼1单元1603,CN4403070101D10R1010K0010,4403070132009050000010116037,"渗漏,浴改淋","厨房漏水,阳台漏水",渗水/返潮,,18138287225,业主,center crm zze
深圳第五园,深圳城市分公司,深圳第五园服务站,深圳第五园四期1号楼1单元908,CN4403070101D10R1010J0031,4403070132009050000010109089,"渗漏,浴改淋",厨房漏水,渗水/返潮,,13760388816,业主,center crm zze
深圳第五园,深圳城市分公司,深圳第五园服务站,深圳第五园四期2号楼1单元1004,CN4403070101D10T101030033,4403070132009050000020110049,"渗漏,浴改淋",厨房漏水,渗水/返潮,,18601187793,业主,center crm zze
深圳第五园,深圳城市分公司,深圳第五园服务站,深圳第五园四期3号楼1单元1105,CN4403070101D1031010F0022,4403070132009050000030111053,"渗漏,浴改淋","厨房漏水,卫生间漏水",渗水/返潮,,13510498042,业主,center crm zze
深圳第五园,深圳城市分公司,深圳第五园服务站,深圳第五园四期3号楼1单元1303,CN4403070101D103101060082,4403070132009050000030113033,"渗漏,浴改淋",厨房漏水,,D_三口之家,15807555251,业主,center crm zze
深圳第五园,深圳城市分公司,深圳第五园服务站,深圳第五园四期3号楼1单元1804,CN4403070101D1031010G0044,4403070132009050000030118047,"渗漏,浴改淋",厨房漏水,渗水/返潮,,13510304501,业主,center crm zze
深圳第五园,深圳城市分公司,深圳第五园服务站,深圳第五园四期4号楼1单元1302,CN4403070101D133101030016,4403070132009050000040113021,"渗漏,浴改淋",厨房漏水,墙面发霉,,18681526311,业主,center crm zze
深圳第五园,深圳城市分公司,深圳第五园服务站,深圳第五园四期4号楼1单元507,CN4403070101D1331010H0063,4403070132009050000040105071,"渗漏,浴改淋",卫生间漏水,渗水/返潮,,13760462730,业主,center crm zze
深圳第五园,深圳城市分公司,深圳第五园服务站,深圳第五园四期5号楼1单元2003,CN4403070101D10K1010P0040,4403070132009050000050120037,"渗漏,浴改淋",卫生间漏水,渗水/返潮,,13765806182,业主,crm zze
深圳第五园,深圳城市分公司,深圳第五园服务站,深圳第五园四期5号楼1单元403,CN4403070101D10K101070034,4403070132009050000050104037,"渗漏,浴改淋",阳台漏水,渗水/返潮,,15012880027,业主,crm zze
深圳第五园,深圳城市分公司,深圳第五园服务站,深圳第五园四期6号楼1单元1104,CN4403070101D10W1010C0028,4403070132009050000060111047,"渗漏,浴改淋","阳台漏水,厨房漏水",渗水/返潮,,13823317708,业主,center crm zze
深圳第五园,深圳城市分公司,深圳第五园服务站,深圳第五园四期6号楼1单元403,CN4403070101D10W1010S0033,4403070132009050000060104031,"渗漏,浴改淋","卫生间漏水,厨房漏水",渗水/返潮,,15602457784,业主,crm zze
深圳第五园,深圳城市分公司,深圳第五园服务站,深圳第五园四期7号楼1单元801,CN4403070101D112101050022,4403070132009050000070108013,"渗漏,浴改淋",阳台漏水,渗水/返潮,,13689521904,业主,center crm
